target_site.chr,target_gene.start,target_gene.stop,ENSG,gene_short_name,strand,target_site.start,target_site.stop,fold_change.transcript_remaining,pvalue.empirical.adjusted,target_site.strand,mean_ATAC_RPM,PROseq_GB_RPKM,distance,target_promoter.center,target_site.start
chr1,2526140,2527140,ENSG00000157881,PANK4,-,2391170,2392170,0.73885138,0.340663678,+,24.00273411,1.713756517,134970,2526640,2391670
chr1,8422860,8423860,ENSG00000142599,RERE,-,7961040,7962040,0.868429926,0.410199369,-,23.76180757,1.606654064,461820,8423360,7961540
chr1,26160930,26161930,ENSG00000197245,FAM110D,+,26169360,26170360,0.730267411,0.458933336,+,9.052093897,0.615565235,8430,26161430,26169860
chr1,26174730,26175730,ENSG00000142675,CNKSR1,+,26169360,26170360,0.410887093,0.113339,+,6.020964361,0.326979963,5370,26175230,26169860
chr1,26993080,26994080,ENSG00000253368,TRNP1,+,26169360,26170360,0.515363005,0.534884776,+,10.17853543,0.176579385,823720,26993580,26169860
chr1,27725410,27726410,ENSG00000009780,FAM76A,+,28642770,28643770,0.803888492,0.408546472,-,32.77431719,0.352495213,917360,27725910,28643270
chr1,27772730,27773730,ENSG00000117758,STX12,+,26921130,26922130,0.869710498,0.260106564,+,14.03946874,1.097567232,851600,27773230,26921630
chr1,27830250,27831250,ENSG00000117751,PPP1R8,+,28642770,28643770,0.829600429,0.067728135,-,12.99561664,2.88461201,812520,27830750,28643270
chr1,27914160,27915160,ENSG00000117748,RPA2,-,28642770,28643770,0.758805455,0.030239954,-,13.82028912,2.162095427,728610,27914660,28643270
chr1,28172400,28173400,ENSG00000169403,PTAFR,-,28642770,28643770,0.193301275,0.357180283,-,8.087166002,0.10218876,470370,28172900,28643270
chr1,28232600,28233600,ENSG00000126698,DNAJC8,-,28642770,28643770,0.839343966,0.036268349,-,8.658694578,1.09057064,410170,28233100,28643270
chr1,28235570,28236570,ENSG00000130770,ATPIF1,+,28642770,28643770,0.786974482,0.012002854,-,13.74967272,2.889518077,407200,28236070,28643270
chr1,28259050,28260050,ENSG00000130766,SESN2,+,28642770,28643770,0.837312677,0.350487921,-,15.6670668,4.2974992,383720,28259550,28643270
chr1,28328570,28329570,ENSG00000130772,MED18,+,28642770,28643770,0.771002379,0.438425451,-,10.29728826,2.050445139,314200,28329070,28643270
chr1,28505470,28506470,ENSG00000180198,RCC1,+,28642770,28643770,0.819119333,0.040011522,-,19.31615091,33.72102103,137300,28505970,28643270
chr1,28736190,28737190,ENSG00000198492,YTHDF2,+,28642770,28643770,0.840691382,0.045776167,-,22.17086163,5.846502737,93420,28736690,28643270
chr1,29181620,29182620,ENSG00000116350,SRSF4,-,28642770,28643770,0.752687777,0.025646237,-,25.36228306,3.165667649,538850,29182120,28643270
chr1,29230590,29231590,ENSG00000116353,MECR,-,28642770,28643770,0.801498076,0.057742747,-,10.91988545,1.262628236,587820,29231090,28643270
chr1,32702500,32703500,ENSG00000162520,SYNC,-,32650440,32651440,0.680347042,0.050413647,-,31.0130611,0.507837895,52060,32703000,32650940
chr1,35031490,35032490,ENSG00000163867,ZMYM6,-,34858840,34859840,0.822296435,0.479430749,-,8.058821703,2.7963674,172650,35031990,34859340
chr1,35268610,35269610,ENSG00000146463,ZMYM4,+,34858840,34859840,0.871017598,0.063710407,-,12.11205643,1.039455472,409770,35269110,34859340
chr1,35556990,35557990,ENSG00000020129,NCDN,+,34858840,34859840,0.813855124,0.419278214,-,30.71569031,8.266638757,698150,35557490,34859340
chr1,35769450,35770450,ENSG00000092853,CLSPN,-,34858840,34859840,0.877012117,0.055533752,-,32.54536367,0.87082132,910610,35769950,34859340
chr1,71047300,71048300,ENSG00000050628,PTGER3,-,71080800,71081800,0.895014656,0.366909722,+,32.66558259,0.48209142,33500,71047800,71081300
chr1,108746070,108747070,ENSG00000116266,STXBP3,+,109548120,109549120,0.85105876,0.283222619,-,23.46345939,1.146214712,802050,108746570,109548620
chr1,110872580,110873580,ENSG00000143119,CD53,+,110963540,110964540,0.884735904,0.198552303,-,21.89181689,0.825675933,90960,110873080,110964040
chr1,151790090,151791090,ENSG00000182134,TDRKH,-,151763010,151764010,0.792589787,0.395752018,+,11.34431689,0.339210877,27080,151790590,151763510
chr1,155856880,155857880,ENSG00000116580,GON4L,-,156752150,156753150,0.841639972,0.09795336,+,2.50944783,0.845401388,895270,155857380,156752650
chr1,160204850,160205850,ENSG00000162734,PEA15,+,161153330,161154330,0.842109217,0.208429735,-,6.900126318,0.945348649,948480,160205350,161153830
chr1,161306990,161307990,ENSG00000158887,MPZ,-,161313990,161314990,0.526374764,0.055842001,-,5.481689642,1.539324536,7000,161307490,161314490
chr1,162632360,162633360,ENSG00000162733,DDR2,+,162560850,162561850,0.526051851,0.391067,-,63.6265977,0.06055177,71510,162632860,162561350
chr1,162790070,162791070,ENSG00000132196,HSD17B7,+,162560850,162561850,0.839484757,0.542502345,-,68.4952197,0.646884147,229220,162790570,162561350
chr1,212414390,212415390,ENSG00000065600,TMEM206,-,211675350,211676350,0.762024121,0.362372842,+,70.02898835,0.286955827,739040,212414890,211675850
chr1,226308710,226309710,ENSG00000183814,LIN9,-,225923700,225924700,0.854011032,0.400247742,-,57.88858763,0.809109451,385010,226309210,225924200
chr10,11741810,11742810,ENSG00000134463,ECHDC3,+,12195540,12196540,0.802091587,0.441555174,+,10.76057094,0.601551071,453730,11742310,12196040
chr10,43396410,43397410,ENSG00000169813,HNRNPF,-,43408670,43409670,0.899589025,0.056106377,-,88.46206775,6.090896145,12260,43396910,43409170
chr10,70602440,70603440,ENSG00000180644,PRF1,-,70888140,70889140,0.523161623,0.293054094,+,4.687560582,0.249773455,285700,70602940,70888640
chr10,71396400,71397400,ENSG00000107736,CDH23,+,70888140,70889140,0.394710054,0.470080901,+,4.544373004,0.097184631,508260,71396900,70888640
chr10,72691580,72692580,ENSG00000156026,MCU,+,73252060,73253060,0.860088454,0.510893286,-,14.50959315,0.430566659,560480,72692080,73252560
chr11,5224570,5225570,ENSG00000244734,HBB,-,5234130,5235130,0.429254617,0.036425286,-,2.856176795,0.030662941,9560,5225070,5234630
chr11,5224570,5225570,ENSG00000244734,HBB,-,5269610,5270610,0.521019407,0.036268349,-,2.67511537,0.030662941,45040,5225070,5270110
chr11,5224570,5225570,ENSG00000244734,HBB,-,5269610,5270610,0.566748165,0.098517946,-,2.67511537,0.030662941,45040,5225070,5270110
chr11,5224570,5225570,ENSG00000244734,HBB,-,5269610,5270610,0.598227064,0.077322475,-,2.67511537,0.030662941,45040,5225070,5270110
chr11,5249610,5250610,ENSG00000213934,HBG1,-,5269610,5270610,0.37437564,0.000407266,-,4.406805416,10.85476461,20000,5250110,5270110
chr11,5249610,5250610,ENSG00000213934,HBG1,-,5269610,5270610,0.528122038,0.000407266,-,4.406805416,10.85476461,20000,5250110,5270110
chr11,5249610,5250610,ENSG00000213934,HBG1,-,5269610,5270610,0.590842528,0.000407266,-,4.406805416,10.85476461,20000,5250110,5270110
chr11,5249610,5250610,ENSG00000213934,HBG1,-,5269610,5270610,0.606009888,0.000407266,-,4.406805416,10.85476461,20000,5250110,5270110
chr11,5249610,5250610,ENSG00000213934,HBG1,-,5269610,5270610,0.674560412,0.000407266,-,4.406805416,10.85476461,20000,5250110,5270110
chr11,5249610,5250610,ENSG00000213934,HBG1,-,5269610,5270610,0.789061502,0.005449776,-,4.406805416,10.85476461,20000,5250110,5270110
chr11,5249610,5250610,ENSG00000213934,HBG1,-,5269610,5270610,0.88157962,0.07539762,-,4.406805416,10.85476461,20000,5250110,5270110
chr11,5254500,5255500,ENSG00000196565,HBG2,-,5269610,5270610,0.305497718,0.000407266,-,3.408646274,1.588155573,15110,5255000,5270110
chr11,5254500,5255500,ENSG00000196565,HBG2,-,5269610,5270610,0.548747481,0.000407266,-,3.408646274,1.588155573,15110,5255000,5270110
chr11,5254500,5255500,ENSG00000196565,HBG2,-,5269610,5270610,0.587751464,0.000407266,-,3.408646274,1.588155573,15110,5255000,5270110
chr11,5254500,5255500,ENSG00000196565,HBG2,-,5269610,5270610,0.618266487,0.000407266,-,3.408646274,1.588155573,15110,5255000,5270110
chr11,5254500,5255500,ENSG00000196565,HBG2,-,5269610,5270610,0.696530121,0.000407266,-,3.408646274,1.588155573,15110,5255000,5270110
chr11,5254500,5255500,ENSG00000196565,HBG2,-,5269610,5270610,0.80547101,0.017752725,-,3.408646274,1.588155573,15110,5255000,5270110
chr11,5595580,5596580,ENSG00000121236,TRIM6,+,5269610,5270610,0.751137624,0.467220777,-,2.983481793,0.517051121,325970,5596080,5270110
chr11,6234560,6235560,ENSG00000051009,FAM160A2,-,5269610,5270610,0.878771054,0.537783695,-,53.44757358,1.134268798,964950,6235060,5270110
chr11,10454650,10455650,ENSG00000133805,AMPD3,+,10807330,10808330,0.653789894,0.42432003,-,3.844562041,0.694110506,352680,10455150,10807830
chr11,14519960,14520960,ENSG00000129084,PSMA1,-,14643060,14644060,0.607577511,0.000407266,-,29.42553602,0.77938792,123100,14520460,14643560
chr11,59142210,59143210,ENSG00000166801,FAM111A,+,59810320,59811320,0.825724394,0.303178772,+,12.38548117,0.514777685,668110,59142710,59810820
chr11,59615810,59616810,ENSG00000110048,OSBP,-,59810320,59811320,0.761343399,0.051731786,+,51.13482541,1.645065913,194510,59616310,59810820
chr11,64300090,64301090,ENSG00000219435,TEX40,+,64240500,64241500,0.485209915,0.208429735,-,25.06808878,0.496433208,59590,64300590,64241000
chr11,64743180,64744180,ENSG00000068831,RASGRP2,-,64240500,64241500,0.853540415,0.37257878,-,27.82408314,0.643444644,502680,64743680,64241000
chr11,102316910,102317910,ENSG00000023445,BIRC3,+,102452450,102453450,0.501647878,0.42966447,-,16.2078076,0.026726954,135540,102317410,102452950
chr12,52907470,52908470,ENSG00000170421,KRT8,-,52948590,52949590,0.731060083,0.000798631,+,2.502361756,2.913251571,41120,52907970,52949090
chr12,112012940,112013940,ENSG00000089248,ERP29,+,112409100,112410100,0.855213409,0.036748855,-,16.03163312,2.391540487,396160,112013440,112409600
chr14,22928940,22929940,ENSG00000100462,PRMT5,-,22829440,22830440,0.874300223,0.095202235,+,17.49600711,2.096692255,99500,22929440,22829940
chr14,55128710,55129710,ENSG00000131981,LGALS3,+,55051270,55052270,0.723688708,0.328712636,+,17.30810396,0.041969591,77440,55129210,55051770
chr14,64986500,64987500,ENSG00000257365,FNTB,+,65102160,65103160,0.777550296,0.36955383,-,24.18013032,0.271141673,115660,64987000,65102660
chr15,40952700,40953700,ENSG00000128965,CHAC1,+,40038650,40039650,0.757385064,0.252190065,-,7.135677214,4.606739918,914050,40953200,40039150
chr16,30761610,30762610,ENSG00000196118,C16orf93,-,30429430,30430430,0.821325179,0.329326509,-,16.30603525,0.498385749,332180,30762110,30429930
chr16,67183430,67184430,ENSG00000196123,KIAA0895L,-,67846080,67847080,0.674612697,0.368859992,-,29.85998571,0.58998882,662650,67183930,67846580
chr16,67480710,67481710,ENSG00000159720,ATP6V0D1,-,67846080,67847080,0.884310317,0.345204115,-,21.11796867,0.597634445,365370,67481210,67846580
chr16,68310500,68311500,ENSG00000103061,SLC7A6OS,-,67846080,67847080,0.855947014,0.327537431,-,26.82714574,1.083290337,464420,68311000,67846580
chr16,69339200,69340200,ENSG00000213380,COG8,-,69424140,69425140,0.794485382,0.199826784,+,7.433781046,1.718400755,84940,69339700,69424640
chr17,4555050,4556050,ENSG00000132382,MYBBP1A,-,4795670,4796670,0.744856153,0.475180837,+,0.670489274,0.746210017,240620,4555550,4796170
chr17,4948140,4949140,ENSG00000108518,PFN1,-,4795670,4796670,0.862500959,0.059158062,+,2.135351956,6.098967414,152470,4948640,4796170
chr17,4967000,4968000,ENSG00000091640,SPAG7,-,4795670,4796670,0.842472202,0.472918247,+,11.27321179,5.256604564,171330,4967500,4796170
chr17,4997350,4998350,ENSG00000129250,KIF1C,+,4795670,4796670,0.770367947,0.378717733,+,3.017690429,0.589625325,201680,4997850,4796170
chr17,5438700,5439700,ENSG00000108561,C1QBP,-,4795670,4796670,0.817350286,0.040586187,+,1.220759626,1.365373379,643030,5439200,4796170
chr17,5467550,5468550,ENSG00000005100,DHX33,-,4795670,4796670,0.678371827,0.168543542,+,0.244347403,0.454671095,671880,5468050,4796170
chr17,5485510,5486510,ENSG00000072849,DERL2,-,4795670,4796670,0.79534172,0.437067336,+,2.074998148,0.89524193,689840,5486010,4796170
chr17,40442960,40443960,ENSG00000141753,IGFBP4,+,40818550,40819550,0.762095175,0.472918247,-,2.500406976,0.414681902,375590,40443460,40819050
chr17,42980070,42981070,ENSG00000198863,RUNDC1,+,42798300,42799300,0.809944824,0.155223757,-,5.282790856,1.197775693,181770,42980570,42798800
chr17,57084740,57085740,ENSG00000121057,AKAP1,+,57849660,57850660,0.876749189,0.416694711,-,20.16159293,0.500720827,764920,57085240,57850160
chr17,58006920,58007920,ENSG00000136450,SRSF1,-,57849660,57850660,0.897221664,0.075894155,-,10.73393707,6.674844794,157260,58007420,57850160
chr17,58082820,58083820,ENSG00000264364,DYNLL2,+,57849660,57850660,0.851762014,0.200441712,-,15.5629748,2.093980405,233160,58083320,57850160
chr17,74430340,74431340,ENSG00000170412,GPRC5C,+,74203190,74204190,0.488879022,0.114242363,+,2.329119447,0.29352841,227150,74430840,74203690
chr17,75779390,75780390,ENSG00000132475,H3F3B,-,75784390,75785390,0.500462908,0.000407266,-,20.2913414,16.73850992,5000,75779890,75784890
chr17,76643340,76644340,ENSG00000070526,ST6GALNAC1,-,75784390,75785390,0.870336078,0.055314328,-,12.15530592,1.832545075,858950,76643840,75784890
chr19,3061020,3062020,ENSG00000104964,AES,-,3985180,3986180,0.884752035,0.058622109,+,1.523017364,1.45326627,924160,3061520,3985680
chr19,3786020,3787020,ENSG00000007264,MATK,-,3985180,3986180,0.802569615,0.044566911,+,1.164315376,1.169400128,199160,3786520,3985680
chr19,4246600,4247600,ENSG00000105248,CCDC94,+,3985180,3986180,0.881128034,0.397686675,+,4.381881981,0.409876311,261420,4247100,3985680
chr19,4342940,4343940,ENSG00000008382,MPND,+,3985180,3986180,0.870929372,0.385507262,+,8.221801421,1.048828275,357760,4343440,3985680
chr19,8307860,8308860,ENSG00000167775,CD320,-,8005230,8006230,0.842818852,0.034621409,+,6.007769601,2.191595976,302630,8308360,8005730
chr19,8513600,8514600,ENSG00000133250,ZNF414,-,8005230,8006230,0.856532234,0.159679413,+,11.67662935,1.433432308,508370,8514100,8005730
chr19,9583980,9584980,ENSG00000197961,ZNF121,-,10251500,10252500,0.89154082,0.234091569,+,5.032823463,1.985941176,667520,9584480,10252000
chr19,9620880,9621880,ENSG00000171469,ZNF561,-,10251500,10252500,0.865931433,0.437967446,+,5.018162619,1.321637498,630620,9621380,10252000
chr19,9817910,9818910,ENSG00000127452,FBXL12,-,10251500,10252500,0.868770812,0.185405553,+,5.698670136,1.324096569,433590,9818410,10252000
chr19,9827450,9828450,ENSG00000198258,UBL5,+,10251500,10252500,0.889018633,0.036268349,+,5.476069652,0.817857508,424050,9827950,10252000
chr19,9834550,9835550,ENSG00000127445,PIN1,+,10251500,10252500,0.848845356,0.027002633,+,10.82947691,0.74767863,416950,9835050,10252000
chr19,10105850,10106850,ENSG00000130810,PPAN,+,10251500,10252500,0.857495741,0.040664056,+,6.371358537,2.799884106,145650,10106350,10252000
chr19,10194380,10195380,ENSG00000130816,DNMT1,-,10251500,10252500,0.846983765,0.034427731,+,6.940443639,1.432493882,57120,10194880,10252000
chr19,10334430,10335430,ENSG00000076662,ICAM3,-,10251500,10252500,0.882617421,0.067423266,+,6.249429183,0.809080544,82930,10334930,10252000
chr19,10403070,10404070,ENSG00000105401,CDC37,-,10251500,10252500,0.861141919,0.036089217,+,6.324688183,1.302432355,151570,10403570,10252000
chr19,10502390,10503390,ENSG00000079999,KEAP1,-,10251500,10252500,0.873272954,0.074086117,+,8.970726212,2.004734653,250890,10502890,10252000
chr19,10653740,10654740,ENSG00000129351,ILF3,+,10251500,10252500,0.86022133,0.036089217,+,10.43070195,5.402250247,402240,10654240,10252000
chr19,10700920,10701920,ENSG00000213339,QTRT1,+,10251500,10252500,0.866794212,0.135890516,+,5.324574262,0.25120676,449420,10701420,10252000
chr19,10835290,10836290,ENSG00000099203,TMED1,-,10251500,10252500,0.890175021,0.234091569,+,13.78754657,0.892142989,583790,10835790,10252000
chr19,10871030,10872030,ENSG00000142453,CARM1,+,10251500,10252500,0.831396769,0.419265191,+,12.66794677,1.765328033,619530,10871530,10252000
chr19,10928280,10929280,ENSG00000142444,C19orf52,+,10251500,10252500,0.896311501,0.3582255,+,10.53088438,1.176339525,676780,10928780,10252000
chr19,10960280,10961280,ENSG00000127616,SMARCA4,+,10251500,10252500,0.821931689,0.028203458,+,10.94041063,1.654094959,708780,10960780,10252000
chr19,11089010,11090010,ENSG00000130164,LDLR,+,10251500,10252500,0.844345172,0.105605056,+,6.28168304,33.05643394,837510,11089510,10252000
chr19,11155130,11156130,ENSG00000161888,SPC24,-,10251500,10252500,0.865291749,0.099259509,+,10.42605935,2.440005539,903630,11155630,10252000
chr19,55441600,55442600,ENSG00000187902,SHISA7,-,55407370,55408370,0.295797273,0.474551054,-,12.99292882,0.122200431,34230,55442100,55407870
chr19,55653650,55654650,ENSG00000063244,U2AF2,+,55407370,55408370,0.829694937,0.056187023,-,21.87422388,7.750451389,246280,55654150,55407870
chr2,9951210,9952210,ENSG00000134317,GRHL1,+,9423170,9424170,0.625375708,0.194303525,+,45.08429501,0.369736118,528040,9951710,9423670
chr2,26785350,26786350,ENSG00000115163,CENPA,+,27771250,27772250,0.825952664,0.036268349,+,13.21210844,1.950927612,985900,26785850,27771750
chr2,27032440,27033440,ENSG00000119777,TMEM214,+,27771250,27772250,0.791788025,0.064828252,+,9.122221602,4.170532417,738810,27032940,27771750
chr2,27051130,27052130,ENSG00000084693,AGBL5,+,27771250,27772250,0.835888199,0.063871521,+,14.75858315,12.57479772,720120,27051630,27771750
chr2,27071300,27072300,ENSG00000228474,OST4,-,27771250,27772250,0.842095665,0.028130452,+,15.16004593,2.459729703,699950,27071800,27771750
chr2,27134140,27135140,ENSG00000138073,PREB,-,27771250,27772250,0.751393132,0.036268349,+,8.134080704,1.483180712,637110,27134640,27771750
chr2,27211530,27212530,ENSG00000138074,SLC5A6,-,27771250,27772250,0.744348171,0.036268349,+,30.59205053,0.706021726,559720,27212030,27771750
chr2,27216780,27217780,ENSG00000084774,CAD,+,27771250,27772250,0.838023809,0.228519263,+,6.424381924,1.374599091,554470,27217280,27771750
chr2,27322670,27323670,ENSG00000115204,MPV17,-,27771250,27772250,0.736292508,0.004327437,+,6.506971346,2.507760446,448580,27323170,27771750
chr2,27369930,27370930,ENSG00000115234,SNX17,+,27771250,27772250,0.77672311,0.134031779,+,43.11729841,4.200319379,401320,27370430,27771750
chr2,27409300,27410300,ENSG00000115241,PPM1G,-,27771250,27772250,0.802727493,0.020315751,+,11.4093133,1.133400631,361950,27409800,27771750
chr2,27627570,27628570,ENSG00000198522,GPN1,+,27771250,27772250,0.873850692,0.315141829,+,3.615364177,0.565702634,143680,27628070,27771750
chr2,27663230,27664230,ENSG00000119760,SUPT7L,-,27771250,27772250,0.879199876,0.51241601,+,5.328239473,1.065546365,108020,27663730,27771750
chr2,28751330,28752330,ENSG00000213639,PPP1CB,+,27771250,27772250,0.884724097,0.117083497,+,21.96903067,0.973808868,980080,28751830,27771750
chr2,46915450,46916450,ENSG00000068724,TTC7A,+,46616610,46617610,0.783562677,0.544712639,-,33.11713659,0.498912445,298840,46915950,46617110
chr2,47402550,47403550,ENSG00000095002,MSH2,+,46616610,46617610,0.896788598,0.406592527,-,23.22986327,0.843663612,785940,47403050,46617110
chr2,61905100,61906100,ENSG00000173163,COMMD1,+,61537890,61538890,0.872686902,0.18338134,-,41.52415334,0.169799237,367210,61905600,61538390
chr2,112584010,112585010,ENSG00000125611,CHCHD5,+,112254710,112255710,0.837260349,0.036268349,-,19.52042534,0.977952446,329300,112584510,112255210
chr20,34976950,34977950,ENSG00000078814,MYH7B,+,34111880,34112880,0.513826873,0.527648236,+,6.69756232,0.056413354,865070,34977450,34112380
chr20,62641860,62642860,ENSG00000101187,SLCO4A1,+,62142920,62143920,0.802823905,0.377448069,-,10.29753261,0.15620949,498940,62642360,62143420
chr21,42879110,42880110,ENSG00000160193,WDR4,-,43107010,43108010,0.778651131,0.049938714,-,12.07467127,0.987266992,227900,42879610,43107510
chr21,42892570,42893570,ENSG00000160194,NDUFV3,+,43107010,43108010,0.865738032,0.065608024,-,17.73546756,1.412014221,214440,42893070,43107510
chr21,43075340,43076340,ENSG00000160200,CBS,-,43107010,43108010,0.834327074,0.052914391,-,0.148318874,5.642318525,31670,43075840,43107510
chr21,43659110,43660110,ENSG00000160208,RRP1B,+,43107010,43108010,0.899174868,0.486635057,-,5.047728654,0.984558702,552100,43659610,43107510
chr21,43718450,43719450,ENSG00000160209,PDXK,+,43107010,43108010,0.894225283,0.303978912,-,12.28187787,1.070103327,611440,43718950,43107510
chr21,43789020,43790020,ENSG00000160214,RRP1,+,43107010,43108010,0.813747798,0.036748855,-,8.21153883,1.633646745,682010,43789520,43107510
chr21,44106650,44107650,ENSG00000241945,PWP2,+,43107010,43108010,0.780791621,0.199274308,-,0.163468413,0.67487744,999640,44107150,43107510
chr22,19144190,19145190,ENSG00000100056,DGCR14,-,19431300,19432300,0.88401992,0.203823317,+,68.65868812,1.447608104,287110,19144690,19431800
chr22,22519890,22520890,ENSG00000169548,ZNF280A,-,22558760,22559760,0.718559777,0.036268349,-,0,1.111297534,38870,22520390,22559260
chr22,36201470,36202470,ENSG00000100336,APOL4,-,36480890,36481890,0.869379035,0.27041443,-,3.5190913,0.271002362,279420,36201970,36481390
chr22,36506350,36507350,ENSG00000100350,FOXRED2,-,36480890,36481890,0.826298275,0.2073255,-,4.707108374,0.316884781,25460,36506850,36481390
chr22,39900560,39901560,ENSG00000100351,GRAP2,+,40856520,40857520,0.869232455,0.222676003,+,3.609255492,1.759783589,955960,39901060,40857020
chr3,9749380,9750380,ENSG00000114026,OGG1,+,9889940,9890940,0.87695301,0.325623393,+,50.48315088,2.425880122,140560,9749880,9890440
chr3,48187940,48188940,ENSG00000164045,CDC25A,-,49029080,49030080,0.808001691,0.298821383,-,10.1716937,0.898674793,841140,48188440,49029580
chr3,48428530,48429530,ENSG00000164050,PLXNB1,-,47781550,47782550,0.414877725,0.534934714,+,23.73175284,0.295455621,646980,48429030,47782050
chr3,48428530,48429530,ENSG00000164050,PLXNB1,-,49411450,49412450,0.375068836,0.545783529,-,13.71155453,0.295455621,982920,48429030,49411950
chr3,48595300,48596300,ENSG00000114270,COL7A1,-,49411450,49412450,0.561168668,0.47861994,-,13.74649621,0.053798834,816150,48595800,49411950
chr3,49165830,49166830,ENSG00000177352,CCDC71,-,48847430,48848430,0.620913161,0.010609885,+,3.79764734,2.345958469,318400,49166330,48847930
chr3,49673660,49674660,ENSG00000164062,APEH,+,49411450,49412450,0.876171465,0.277237682,-,27.37448392,7.405728837,262210,49674160,49411950
chr3,49802690,49803690,ENSG00000185614,FAM212A,+,49029080,49030080,0.736971725,0.333029286,-,9.991365315,0.608679859,773610,49803190,49029580
chr3,50359070,50360070,ENSG00000126062,TMEM115,-,49411450,49412450,0.799759348,0.254003614,-,19.36844126,0.798496997,947620,50359570,49411950
chr3,100708820,100709820,ENSG00000114354,TFG,+,101561300,101562300,0.86535599,0.081017961,-,12.94625846,1.253998256,852480,100709320,101561800
chr3,101573690,101574690,ENSG00000081154,PCNP,+,101561300,101562300,0.845630548,0.036268349,-,11.21579015,1.013422945,12390,101574190,101561800
chr3,101676740,101677740,ENSG00000066422,ZBTB11,-,101561300,101562300,0.784461915,0.220607334,-,15.51777053,0.935094971,115440,101677240,101561800
chr3,196207780,196208780,ENSG00000163958,ZDHHC19,-,196941000,196942000,0.841061565,0.273317423,+,5.31822123,0.126324856,733220,196208280,196941500
chr3,196337720,196338720,ENSG00000145107,TM4SF19,-,196941000,196942000,0.766166623,0.327762646,+,6.410454122,2.121207704,603280,196338220,196941500
chr3,196711890,196712890,ENSG00000163964,PIGX,+,196941000,196942000,0.865686825,0.227410701,+,28.68540774,0.389963179,229110,196712390,196941500
chr3,197736630,197737630,ENSG00000145016,KIAA0226,-,196941000,196942000,0.69558785,0.279819146,+,18.03406009,0.741255835,795630,197737130,196941500
chr4,56530100,56531100,ENSG00000249693,THEGL,+,56435390,56436390,0.201280925,0.436637866,-,57.30166517,0.081407477,94710,56530600,56435890
chr4,152779360,152780360,ENSG00000164144,ARFIP1,+,153344150,153345150,0.857285566,0.32147754,+,41.82347891,0.558954453,564790,152779860,153344650
chr5,1111540,1112540,ENSG00000113504,SLC12A7,-,1746220,1747220,0.737944429,0.340976002,-,0.332556816,0.171774301,634680,1112040,1746720
chr5,5421880,5422880,ENSG00000164151,KIAA0947,+,6378130,6379130,0.864145388,0.040664056,-,52.79663209,0.699826655,956250,5422380,6378630
chr5,77029970,77030970,ENSG00000164252,AGGF1,+,77775820,77776820,0.899695499,0.251943725,-,15.04373657,0.457100666,745850,77030470,77776320
chr5,132368970,132369970,ENSG00000197375,SLC22A5,+,132866080,132867080,0.743010547,0.383861243,+,35.37735007,0.900909839,497110,132369470,132866580
chr5,141669120,141670120,ENSG00000120318,ARAP3,-,141691110,141692110,0.423630104,0.276001562,+,10.73589185,0.691930206,21990,141669620,141691610
chr5,141923420,141924420,ENSG00000081791,KIAA0141,+,142012660,142013660,0.826629977,0.318680385,+,32.53339065,1.215485496,89240,141923920,142013160
chr5,143404070,143405070,ENSG00000113580,NR3C1,-,143243980,143244980,0.877781509,0.227134483,-,22.01154712,0.59671509,160090,143404570,143244480
chr5,145835050,145836050,ENSG00000186314,PRELID2,-,145854220,145855220,0.692822347,0.024154426,-,42.20563825,0.676470632,19170,145835550,145854720
chr5,149344850,149345850,ENSG00000164284,GRPEL2,+,148808490,148809490,0.811037747,0.360809612,-,14.62516947,2.089067476,536360,149345350,148808990
chr5,149344850,149345850,ENSG00000164284,GRPEL2,+,149456230,149457230,0.839592271,0.427005147,-,23.59638438,2.089067476,111380,149345350,149456730
chr5,149942370,149943370,ENSG00000132915,PDE6A,-,149445610,149446610,0.358393539,0.349052126,-,4.123362428,0.012554447,496760,149942870,149446110
chr5,149942370,149943370,ENSG00000132915,PDE6A,-,149451970,149452970,0.448350438,0.538492436,-,10.29142393,0.012554447,490400,149942870,149452470
chr5,149942370,149943370,ENSG00000132915,PDE6A,-,149666970,149667970,0.357236306,0.495331415,-,1.649833666,0.012554447,275400,149942870,149667470
chr5,149960100,149961100,ENSG00000155850,SLC26A2,+,149451970,149452970,0.71862748,0.211055059,-,29.95112729,0.241668039,508130,149960600,149452470
chr5,150700620,150701620,ENSG00000086589,RBM22,-,151015560,151016560,0.880092184,0.401916808,-,25.22129461,1.444658919,314940,150701120,151016060
chr5,154857710,154858710,ENSG00000155508,CNOT8,+,154653550,154654550,0.858930416,0.29109212,+,65.34851385,69.03129499,204160,154858210,154654050
chr5,154937650,154938650,ENSG00000082516,GEMIN5,-,154653550,154654550,0.865229321,0.420347232,+,42.42628396,0.488657133,284100,154938150,154654050
chr5,160187810,160188810,ENSG00000170231,FABP6,+,160421280,160422280,0.733683089,0.392763108,+,14.98093929,0.017834485,233470,160188310,160421780
chr5,172770790,172771790,ENSG00000120129,DUSP1,-,172802280,172803280,0.677235,0.084774986,+,35.09097491,2.739722322,31490,172771290,172802780
chr5,173055810,173056810,ENSG00000164463,CREBRF,+,172788700,172789700,0.76830677,0.310969463,-,34.06178365,0.63710868,267110,173056310,172789200
chr5,173055810,173056810,ENSG00000164463,CREBRF,+,173822240,173823240,0.654072793,0.071010859,+,22.57427919,0.63710868,766430,173056310,173822740
chr5,173328020,173329020,ENSG00000113739,STC2,-,172802280,172803280,0.739139744,0.027002633,+,11.37705944,1.337664463,525740,173328520,172802780
chr5,173328020,173329020,ENSG00000113739,STC2,-,173454620,173455620,0.824709749,0.287235294,-,5.082425986,1.337664463,126600,173328520,173455120
chr5,173887680,173888680,ENSG00000113742,CPEB4,+,173838970,173839970,0.783631831,0.113026622,+,24.9769472,1.05796141,48710,173888180,173839470
chr5,173887680,173888680,ENSG00000113742,CPEB4,+,173850280,173851280,0.857697658,0.488456611,+,17.36723603,1.05796141,37400,173888180,173850780
chr5,173887680,173888680,ENSG00000113742,CPEB4,+,173853050,173854050,0.65240291,0.030039591,-,20.37906212,1.05796141,34630,173888180,173853550
chr5,173887680,173888680,ENSG00000113742,CPEB4,+,173855260,173856260,0.666281589,0.036268349,-,23.90670558,1.05796141,32420,173888180,173855760
chr5,173887680,173888680,ENSG00000113742,CPEB4,+,173861780,173862780,0.718927308,0.040011522,-,17.56833394,1.05796141,25900,173888180,173862280
chr5,173887680,173888680,ENSG00000113742,CPEB4,+,173861780,173862780,0.783190041,0.044566911,-,17.56833394,1.05796141,25900,173888180,173862280
chr5,173887680,173888680,ENSG00000113742,CPEB4,+,173864070,173865070,0.869403608,0.375653132,-,17.22355975,1.05796141,23610,173888180,173864570
chr5,173887680,173888680,ENSG00000113742,CPEB4,+,173877910,173878910,0.80671996,0.51241601,+,17.03638964,1.05796141,9770,173888180,173878410
chr5,176237850,176238850,ENSG00000170085,SIMC1,+,176216860,176217860,0.82743718,0.53557742,-,1.94207316,0.48184567,20990,176238350,176217360
chr5,177461930,177462930,ENSG00000113758,DBN1,-,177556590,177557590,0.873113138,0.020315751,+,1.124731097,1.130694378,94660,177462430,177557090
chr5,177461930,177462930,ENSG00000113758,DBN1,-,177564760,177565760,0.872973165,0.020315751,-,0.622841531,1.130694378,102830,177462430,177565260
chr5,177509140,177510140,ENSG00000146094,DOK3,-,177556590,177557590,0.635578347,0.358653902,+,3.074623374,2.025414175,47450,177509640,177557090
chr5,178112900,178113900,ENSG00000145911,N4BP3,+,178127190,178128190,0.619722484,0.044566911,+,12.37277511,0.818205105,14290,178113400,178127690
chr5,178112900,178113900,ENSG00000145911,N4BP3,+,178153440,178154440,0.760293668,0.348549749,-,13.80807175,0.818205105,40540,178113400,178153940
chr5,180802390,180803390,ENSG00000131446,MGAT1,-,180781660,180782660,0.852045655,0.264111638,-,9.187462359,2.499140249,20730,180802890,180782160
chr5,180860800,180861800,ENSG00000196670,ZFP62,-,180093360,180094360,0.815794335,0.167332359,+,11.45011931,3.742154418,767440,180861300,180093860
chr5,180860800,180861800,ENSG00000196670,ZFP62,-,180209730,180210730,0.871813101,0.513309166,-,10.15043547,3.742154418,651070,180861300,180210230
chr5,181037660,181038660,ENSG00000165810,BTNL9,+,180863260,180864260,0.759694533,0.160431704,+,0.423942744,0.705262038,174400,181038160,180863760
chr5,181037660,181038660,ENSG00000165810,BTNL9,+,181133290,181134290,0.816153999,0.238691915,-,0.630660648,0.705262038,95630,181038160,181133790
chr5,181204740,181205740,ENSG00000146054,TRIM7,-,180209730,180210730,0.77555535,0.331202436,-,2.197171849,0.261662196,995010,181205240,180210230
chr6,2764760,2765760,ENSG00000124535,WRNIP1,+,3208540,3209540,0.873871895,0.251296706,-,36.86322663,1.419077765,443780,2765260,3209040
chr6,3067980,3068980,ENSG00000137275,RIPK1,+,2848510,2849510,0.752083202,0.498083661,+,36.21937122,4.890888109,219470,3068480,2849010
chr6,3067980,3068980,ENSG00000137275,RIPK1,+,3649780,3650780,0.786983813,0.462798296,-,35.89805439,4.890888109,581800,3068480,3650280
chr6,3156880,3157880,ENSG00000137267,TUBB2A,-,3162540,3163540,0.766932732,0.036425286,-,26.33551876,1.352459657,5660,3157380,3163040
chr6,3156880,3157880,ENSG00000137267,TUBB2A,-,3208540,3209540,0.86304327,0.109908702,-,13.04326438,1.352459657,51660,3157380,3209040
chr6,3751600,3752600,ENSG00000168994,PXDC1,-,3229230,3230230,0.51582308,0.438425451,+,1.294063847,0.010812525,522370,3752100,3229730
chr6,4135120,4136120,ENSG00000198721,ECI2,-,4178540,4179540,0.878762763,0.055314328,+,32.60620617,0.827513594,43420,4135620,4179040
chr6,5003380,5004380,ENSG00000124787,RPP40,-,4984500,4985500,0.87874399,0.250907128,-,39.14934093,0.34409949,18880,5003880,4985000
chr6,10684220,10685220,ENSG00000137434,C6orf52,-,10722430,10723430,0.791310694,0.207233895,-,30.95637251,0.507560904,38210,10684720,10722930
chr6,11778370,11779370,ENSG00000111863,ADTRP,-,11931030,11932030,0.548576451,0.251269798,+,18.33827261,0.245608369,152660,11778870,11931530
chr6,12012330,12013330,ENSG00000095951,HIVEP1,+,11931030,11932030,0.804541189,0.297578229,+,21.37746561,1.119167578,81300,12012830,11931530
chr6,12012330,12013330,ENSG00000095951,HIVEP1,+,11978060,11979060,0.782401868,0.479430749,+,6.56585907,1.119167578,34270,12012830,11978560
chr6,13711260,13712260,ENSG00000010017,RANBP9,-,14108490,14109490,0.895540679,0.444786004,+,69.03840398,1.413035656,397230,13711760,14108990
chr6,13924050,13925050,ENSG00000180537,RNF182,+,13915880,13916880,0.785152782,0.023747052,-,7.24245703,0.752344989,8170,13924550,13916380
chr6,13924050,13925050,ENSG00000180537,RNF182,+,13986990,13987990,0.660143658,0.020315751,+,10.39429418,0.752344989,62940,13924550,13987490
chr6,13924050,13925050,ENSG00000180537,RNF182,+,13989280,13990280,0.727334954,0.023747052,+,6.863474207,0.752344989,65230,13924550,13989780
chr6,13924050,13925050,ENSG00000180537,RNF182,+,13991040,13992040,0.887804083,0.025646237,+,6.376245485,0.752344989,66990,13924550,13991540
chr6,14117010,14118010,ENSG00000112149,CD83,+,14108490,14109490,0.582575181,0.036748855,+,4.011940012,0.172624709,8520,14117510,14108990
chr6,14117010,14118010,ENSG00000112149,CD83,+,14109890,14110890,0.601228343,0.113390812,+,1.720450066,0.172624709,7120,14117510,14110390
chr6,15245540,15246540,ENSG00000008083,JARID2,+,15915400,15916400,0.88022491,0.26889667,+,16.65178683,1.793250499,669860,15246040,15915900
chr6,16128570,16129570,ENSG00000007944,MYLIP,+,15895310,15896310,0.876166002,0.462660034,-,36.34521013,5.228455736,233260,16129070,15895810
chr6,16128570,16129570,ENSG00000007944,MYLIP,+,15895630,15896630,0.83859909,0.230084818,+,36.1646374,5.228455736,232940,16129070,15896130
chr6,16128570,16129570,ENSG00000007944,MYLIP,+,15901200,15902200,0.853901103,0.106295847,-,30.66437736,5.228455736,227370,16129070,15901700
chr6,16128570,16129570,ENSG00000007944,MYLIP,+,15905640,15906640,0.872003679,0.137172069,+,35.35902402,5.228455736,222930,16129070,15906140
chr6,16128570,16129570,ENSG00000007944,MYLIP,+,15905640,15906640,0.876864317,0.191550873,+,35.35902402,5.228455736,222930,16129070,15906140
chr6,16128570,16129570,ENSG00000007944,MYLIP,+,15915400,15916400,0.895751628,0.467720755,+,34.15268089,5.228455736,213170,16129070,15915900
chr6,16128570,16129570,ENSG00000007944,MYLIP,+,16002240,16003240,0.873965959,0.244465024,+,30.82662403,5.228455736,126330,16129070,16002740
chr6,16128570,16129570,ENSG00000007944,MYLIP,+,16005450,16006450,0.855605736,0.244465024,-,33.07999579,5.228455736,123120,16129070,16005950
chr6,16128570,16129570,ENSG00000007944,MYLIP,+,16030740,16031740,0.898385658,0.244572686,-,36.30489281,5.228455736,97830,16129070,16031240
chr6,16128570,16129570,ENSG00000007944,MYLIP,+,16043020,16044020,0.868283483,0.08715285,+,28.89530216,5.228455736,85550,16129070,16043520
chr6,16238090,16239090,ENSG00000137198,GMPR,+,16214750,16215750,0.802857601,0.036606848,-,21.29780835,10.7444248,23340,16238590,16215250
chr6,16238090,16239090,ENSG00000137198,GMPR,+,16224070,16225070,0.844399031,0.036268349,+,17.47010628,10.7444248,14020,16238590,16224570
chr6,16761100,16762100,ENSG00000124788,ATXN1,-,16005450,16006450,0.178938068,0.319874991,-,7.461880998,0.254464397,755650,16761600,16005950
chr6,25962390,25963390,ENSG00000112343,TRIM38,+,26311360,26312360,0.65366734,0.063911537,-,5.455300123,1.490736549,348970,25962890,26311860
chr6,25962390,25963390,ENSG00000112343,TRIM38,+,26477860,26478860,0.845716509,0.519354119,+,2.499918282,1.490736549,515470,25962890,26478360
chr6,26123370,26124370,ENSG00000180573,HIST1H2AC,+,26552960,26553960,0.843950484,0.048547757,+,71.44864677,12.8462294,429590,26123870,26553460
chr6,26155810,26156810,ENSG00000168298,HIST1H1E,+,25962390,25963390,0.822309426,0.036268349,+,14.45925758,238.9034288,193420,26156310,25962890
chr6,26155810,26156810,ENSG00000168298,HIST1H1E,+,26309520,26310520,0.849202101,0.044421167,+,13.77337442,238.9034288,153710,26156310,26310020
chr6,26157690,26158690,ENSG00000158373,HIST1H2BD,+,26477860,26478860,0.82955423,0.04426468,+,33.67889127,10.07713595,320170,26158190,26478360
chr6,26157690,26158690,ENSG00000158373,HIST1H2BD,+,26532510,26533510,0.892759755,0.095766632,-,38.01996724,10.07713595,374820,26158190,26533010
chr6,26157690,26158690,ENSG00000158373,HIST1H2BD,+,27188170,27189170,0.877817331,0.171022838,+,36.4146048,10.07713595,1030480,26158190,27188670
chr6,26234420,26235420,ENSG00000124575,HIST1H1D,-,25962390,25963390,0.793644899,0.036748855,+,6.916008899,5.327331196,272030,26234920,25962890
chr6,26234420,26235420,ENSG00000124575,HIST1H1D,-,26025530,26026530,0.882590494,0.203971046,-,16.62979556,5.327331196,208890,26234920,26026030
chr6,26234420,26235420,ENSG00000124575,HIST1H1D,-,26311360,26312360,0.888480163,0.142099578,-,8.122107681,5.327331196,76940,26234920,26311860
chr6,26234420,26235420,ENSG00000124575,HIST1H1D,-,26593980,26594980,0.861354591,0.067728135,-,5.879242867,5.327331196,359560,26234920,26594480
chr6,26284940,26285940,ENSG00000158406,HIST1H4H,-,26295500,26296500,0.801033686,0.063911537,+,22.78637273,5.209681344,10560,26285440,26296000
chr6,26284940,26285940,ENSG00000158406,HIST1H4H,-,26296710,26297710,0.807103776,0.036268349,+,23.11306521,5.209681344,11770,26285440,26297210
chr6,26284940,26285940,ENSG00000158406,HIST1H4H,-,26336210,26337210,0.852471695,0.189813279,+,25.18561989,5.209681344,51270,26285440,26336710
chr6,26284940,26285940,ENSG00000158406,HIST1H4H,-,26477860,26478860,0.814420242,0.044437935,+,19.78627532,5.209681344,192920,26285440,26478360
chr6,26284940,26285940,ENSG00000158406,HIST1H4H,-,26532510,26533510,0.896928908,0.184508785,-,24.12735128,5.209681344,247570,26285440,26533010
chr6,26284940,26285940,ENSG00000158406,HIST1H4H,-,27176810,27177810,0.882516434,0.069883192,-,20.9738037,5.209681344,891870,26285440,27177310
chr6,26284940,26285940,ENSG00000158406,HIST1H4H,-,27188170,27189170,0.846779285,0.085543532,+,22.52198884,5.209681344,903230,26285440,27188670
chr6,26382740,26383740,ENSG00000124508,BTN2A2,+,26351040,26352040,0.628958911,0.261848128,-,2.558072964,0.834279639,31700,26383240,26351540
chr6,26382740,26383740,ENSG00000124508,BTN2A2,+,26477860,26478860,0.622917872,0.274447279,+,2.413174954,0.834279639,95120,26383240,26478360
chr6,26401630,26402630,ENSG00000026950,BTN3A1,+,27161960,27162960,0.425247914,0.278028614,+,2.171271024,0.361635838,760330,26402130,27162460
chr6,26401630,26402630,ENSG00000026950,BTN3A1,+,27214530,27215530,0.562221289,0.366909722,+,2.794845597,0.361635838,812900,26402130,27215030
chr6,26457460,26458460,ENSG00000112763,BTN2A1,+,27214530,27215530,0.843017007,0.525441926,+,4.842721183,2.068393121,757070,26457960,27215030
chr6,26457460,26458460,ENSG00000112763,BTN2A1,+,27332750,27333750,0.777509664,0.468257185,+,6.463233161,2.068393121,875290,26457960,27333250
chr6,27132490,27133490,ENSG00000124635,HIST1H2BJ,-,26309520,26310520,0.884995573,0.132245058,+,103.2465517,9.994404188,822970,27132990,26310020
chr6,27132490,27133490,ENSG00000124635,HIST1H2BJ,-,26552960,26553960,0.874007633,0.156559766,+,105.7320535,9.994404188,579530,27132990,26553460
chr6,27132490,27133490,ENSG00000124635,HIST1H2BJ,-,27592130,27593130,0.895803844,0.198552303,-,109.6714223,9.994404188,459640,27132990,27592630
chr6,27132490,27133490,ENSG00000124635,HIST1H2BJ,-,27600130,27601130,0.848665784,0.036698567,+,101.9507775,9.994404188,467640,27132990,27600630
chr6,27132490,27133490,ENSG00000124635,HIST1H2BJ,-,27901850,27902850,0.881312593,0.046273828,+,105.6932023,9.994404188,769360,27132990,27902350
chr6,27132490,27133490,ENSG00000196787,HIST1H2AG,+,27172870,27173870,0.879310931,0.50958198,-,102.2491256,122.291443,40380,27132990,27173370
chr6,27132490,27133490,ENSG00000196787,HIST1H2AG,+,27188170,27189170,0.831013107,0.274447279,+,104.9188654,122.291443,55680,27132990,27188670
chr6,27250560,27251560,ENSG00000112812,PRSS16,+,27279120,27280120,0.838495078,0.467220777,+,6.816559506,96.14464327,28560,27251060,27279620
chr6,27388300,27389300,ENSG00000124613,ZNF391,+,27161960,27162960,0.689578174,0.427005147,+,4.976867907,2.355658054,226340,27388800,27162460
chr6,27388300,27389300,ENSG00000124613,ZNF391,+,27205640,27206640,0.702588992,0.444786004,-,4.952677515,2.355658054,182660,27388800,27206140
chr6,27388300,27389300,ENSG00000124613,ZNF391,+,27753780,27754780,0.719589402,0.42432003,-,5.668371058,2.355658054,365480,27388800,27754280
chr6,27472000,27473000,ENSG00000096654,ZNF184,-,27214530,27215530,0.818858145,0.470080901,+,7.487537475,0.9615969,257470,27472500,27215030
chr6,27472000,27473000,ENSG00000096654,ZNF184,-,27753780,27754780,0.777373987,0.3582255,-,7.555466053,0.9615969,281780,27472500,27754280
chr6,27807600,27808600,ENSG00000196747,HIST1H2AI,+,27518470,27519470,0.498145477,0.346149466,+,59.53524478,45.53609747,289130,27808100,27518970
chr6,27807600,27808600,ENSG00000196747,HIST1H2AI,+,27600130,27601130,0.55544182,0.248419162,+,57.64130806,45.53609747,207470,27808100,27600630
chr6,27807600,27808600,ENSG00000196747,HIST1H2AI,+,28211650,28212650,0.53950797,0.153074112,+,58.78265478,45.53609747,404050,27808100,28212150
chr6,27837340,27838340,ENSG00000233822,HIST1H2BN,+,27668090,27669090,0.873970846,0.49555579,+,13.02616006,119.89737,169250,27837840,27668590
chr6,27837340,27838340,ENSG00000233822,HIST1H2BN,+,28753320,28754320,0.891966481,0.468414487,-,10.51695658,119.89737,915980,27837840,28753820
chr6,27867080,27868080,ENSG00000184357,HIST1H1B,-,27592130,27593130,0.877428355,0.244572686,-,9.419836739,9.193014983,274950,27867580,27592630
chr6,27867080,27868080,ENSG00000184357,HIST1H1B,-,27752750,27753750,0.86844366,0.298121,-,4.25873089,9.193014983,114330,27867580,27753250
chr6,27867080,27868080,ENSG00000184357,HIST1H1B,-,27901850,27902850,0.87561417,0.49868149,+,5.441616668,9.193014983,34770,27867580,27902350
chr6,27867080,27868080,ENSG00000184357,HIST1H1B,-,27901850,27902850,0.88111582,0.467124357,+,5.441616668,9.193014983,34770,27867580,27902350
chr6,27867080,27868080,ENSG00000184357,HIST1H1B,-,28728740,28729740,0.800360742,0.084666704,+,1.556248611,9.193014983,861660,27867580,28729240
chr6,28080350,28081350,ENSG00000197279,ZNF165,+,27495330,27496330,0.684787544,0.234887865,+,10.11793727,0.813473811,585020,28080850,27495830
chr6,28080350,28081350,ENSG00000197279,ZNF165,+,27543930,27544930,0.758287379,0.502514034,+,7.583321657,0.813473811,536420,28080850,27544430
chr6,28080350,28081350,ENSG00000197279,ZNF165,+,27791820,27792820,0.702214894,0.517685004,-,9.964487101,0.813473811,288530,28080850,27792320
chr6,28080350,28081350,ENSG00000197279,ZNF165,+,28215270,28216270,0.673770152,0.274584742,-,6.91869672,0.813473811,134920,28080850,28215770
chr6,28080350,28081350,ENSG00000197279,ZNF165,+,28489000,28490000,0.715251109,0.519567881,+,9.924414127,0.813473811,408650,28080850,28489500
chr6,28080350,28081350,ENSG00000197279,ZNF165,+,28720040,28721040,0.477132536,0.074242871,+,6.790414334,0.813473811,639690,28080850,28720540
chr6,28080350,28081350,ENSG00000197279,ZNF165,+,28982200,28983200,0.688811416,0.394708565,+,6.790414334,0.813473811,901850,28080850,28982700
chr6,28141450,28142450,ENSG00000198315,ZKSCAN8,+,27668090,27669090,0.86241313,0.031797697,+,9.226313596,1.998145497,473360,28141950,27668590
chr6,28141450,28142450,ENSG00000198315,ZKSCAN8,+,28728740,28729740,0.79328393,0.412041741,+,6.717110113,1.998145497,587290,28141950,28729240
chr6,28141450,28142450,ENSG00000198315,ZKSCAN8,+,28807430,28808430,0.829071589,0.51241601,-,6.717110113,1.998145497,665980,28141950,28807930
chr6,28141450,28142450,ENSG00000198315,ZKSCAN8,+,28992310,28993310,0.821169465,0.035319949,-,6.717110113,1.998145497,850860,28141950,28992810
chr6,28224920,28225920,ENSG00000137185,ZSCAN9,+,28735020,28736020,0.810528304,0.487987419,-,2.186420563,1.911452054,510100,28225420,28735520
chr6,28251800,28252800,ENSG00000187626,ZKSCAN4,-,27495330,27496330,0.763662125,0.507303551,+,5.157440638,0.929646241,756470,28252300,27495830
chr6,28251800,28252800,ENSG00000187626,ZKSCAN4,-,27753780,27754780,0.716757709,0.429848504,-,3.286472572,0.929646241,498020,28252300,27754280
chr6,28281060,28282060,ENSG00000137338,PGBD1,+,27901850,27902850,0.805136136,0.17479052,+,6.319801235,0.747133053,379210,28281560,27902350
chr6,28335610,28336610,ENSG00000235109,ZSCAN31,-,28742820,28743820,0.745222842,0.404543557,+,16.17115549,0.889904341,407210,28336110,28743320
chr6,28335610,28336610,ENSG00000235109,ZSCAN31,-,28940110,28941110,0.621627931,0.163810569,+,16.17115549,0.889904341,604500,28336110,28940610
chr6,28349380,28350380,ENSG00000189298,ZKSCAN3,+,28960160,28961160,0.703210265,0.446680512,-,2.767478688,2.177721814,610780,28349880,28960660
chr6,28399210,28400210,ENSG00000158691,ZSCAN12,-,27548200,27549200,0.603223719,0.447542985,-,7.011304386,2.653196599,851010,28399710,27548700
chr6,28399210,28400210,ENSG00000158691,ZSCAN12,-,27777310,27778310,0.726038755,0.356809765,+,5.52518348,2.653196599,621900,28399710,27777810
chr6,28442980,28443980,ENSG00000187987,ZSCAN23,-,27670160,27671160,0.257906141,0.331538618,-,1.219782237,0.071110922,772820,28443480,27670660
chr6,28923470,28924470,ENSG00000204713,TRIM27,-,28980070,28981070,0.820158924,0.038530748,-,0,3.726651288,56600,28923970,28980570
chr6,29004870,29005870,ENSG00000197935,ZNF311,-,28763580,28764580,0.672169484,0.414829708,-,0,1.121556775,241290,29005370,28764080
chr6,29004870,29005870,ENSG00000197935,ZNF311,-,28980070,28981070,0.571415134,0.329198901,-,0,1.121556775,24800,29005370,28980570
chr6,30489040,30490040,ENSG00000204592,HLA-E,+,30496190,30497190,0.788341794,0.108587677,-,0,1.598590497,7150,30489540,30496690
chr6,30489040,30490040,ENSG00000204592,HLA-E,+,30496190,30497190,0.833314927,0.192508896,-,0,1.598590497,7150,30489540,30496690
chr6,30616940,30617940,ENSG00000204569,PPP1R10,-,30065950,30066950,0.87338301,0.185182098,+,0,30.28567052,550990,30617440,30066450
chr6,30690500,30691500,ENSG00000137404,NRM,-,31562960,31563960,0.827112783,0.26957568,+,0,0.755039263,872460,30691000,31563460
chr6,30744070,30745070,ENSG00000137331,IER3,-,29965640,29966640,0.839457352,0.057742747,-,0,8.951907252,778430,30744570,29966140
chr6,30744070,30745070,ENSG00000137331,IER3,-,29967120,29968120,0.858658541,0.379984351,-,0.001710432,8.951907252,776950,30744570,29967620
chr6,30744070,30745070,ENSG00000137331,IER3,-,30840420,30841420,0.845264329,0.294270738,-,0,8.951907252,96350,30744570,30840920
chr6,30744070,30745070,ENSG00000137331,IER3,-,31560030,31561030,0.828998396,0.115908381,+,0,8.951907252,815960,30744570,31560530
chr6,30907480,30908480,ENSG00000213780,GTF2H4,+,30496190,30497190,0.517806225,0.520259008,-,0.000244347,1.214677893,411290,30907980,30496690
chr6,31589010,31590010,ENSG00000204482,LST1,+,32131190,32132190,0.328538341,0.400765377,+,0,0.338608963,542180,31589510,32131690
chr6,31702740,31703740,ENSG00000204427,ABHD16A,-,32131190,32132190,0.178620265,0.272905233,+,0,2.816379603,428450,31703240,32131690
chr6,31729140,31730140,ENSG00000213722,DDAH2,-,31821600,31822600,0.854958891,0.478848295,+,0,2.06039227,92460,31729640,31822100
chr6,31815080,31816080,ENSG00000204389,HSPA1A,+,31821600,31822600,0.788455029,0.023747052,+,0,1178.447984,6520,31815580,31822100
chr6,31827120,31828120,ENSG00000204388,HSPA1B,+,31821600,31822600,0.780856354,0.34902689,+,0,30.54941863,5520,31827620,31822100
chr6,31897310,31898310,ENSG00000166278,C2,+,32131190,32132190,0.307419505,0.319874991,+,0,2.224487016,233880,31897810,32131690
chr6,32045580,32046580,ENSG00000168477,TNXB,-,31821600,31822600,0.887057786,0.486635057,+,0,2.02441082,223980,32046080,31822100
chr6,32838020,32839020,ENSG00000204267,TAP2,-,33380030,33381030,0.764079029,0.54005485,+,0.000488695,0.662217585,542010,32838520,33380530
chr6,32843570,32844570,ENSG00000240065,PSMB9,+,33839770,33840770,0.829807226,0.435372606,+,3.565272959,0.03637428,996200,32844070,33840270
chr6,33207990,33208990,ENSG00000204227,RING1,+,33839770,33840770,0.883903078,0.389261894,+,3.565272959,2.054240287,631780,33208490,33840270
chr6,33391080,33392080,ENSG00000237649,KIFC1,+,33417760,33418760,0.877660573,0.18585136,-,0,5.02341146,26680,33391580,33418260
chr6,33391080,33392080,ENSG00000237649,KIFC1,+,33839770,33840770,0.873156916,0.484790016,+,3.565272959,5.02341146,448690,33391580,33840270
chr6,33391080,33392080,ENSG00000237649,KIFC1,+,33843340,33844340,0.856491839,0.461173541,-,0.58716681,5.02341146,452260,33391580,33843840
chr6,33619640,33620640,ENSG00000096433,ITPR3,+,34559660,34560660,0.83465409,0.495508951,-,1.733156131,0.467066499,940020,33620140,34560160
chr6,34236180,34237180,ENSG00000137309,HMGA1,+,34223700,34224700,0.890712735,0.035319949,+,16.82673957,6.486307422,12480,34236680,34224200
chr6,34465490,34466490,ENSG00000124507,PACSIN1,+,34559660,34560660,0.561969672,0.142881653,-,2.553186016,0.060785291,94170,34465990,34560160
chr6,35297220,35298220,ENSG00000023892,DEF6,+,36118280,36119280,0.855158123,0.52919726,+,13.48480014,0.80250745,821060,35297720,36118780
chr6,36027200,36028200,ENSG00000112062,MAPK14,+,36118280,36119280,0.870387607,0.193023565,+,19.01364883,0.861451999,91080,36027700,36118780
chr6,36195940,36196940,ENSG00000096070,BRPF3,+,36118280,36119280,0.856707147,0.536297128,+,15.30372221,0.843742794,77660,36196440,36118780
chr6,37169620,37170620,ENSG00000137193,PIM1,+,37049400,37050400,0.732486088,0.000407266,-,67.06456566,52.4485576,120220,37170120,37049900
chr6,37169620,37170620,ENSG00000137193,PIM1,+,37049400,37050400,0.878137884,0.036268349,-,67.06456566,52.4485576,120220,37170120,37049900
chr6,37169620,37170620,ENSG00000137193,PIM1,+,37109490,37110490,0.829147599,0.023747052,-,66.75839836,52.4485576,60130,37170120,37109990
chr6,37257190,37258190,ENSG00000065491,TBC1D22B,+,37710930,37711930,0.819810183,0.42432003,-,19.37772646,1.245382298,453740,37257690,37711430
chr6,41780460,41781460,ENSG00000124593,PRICKLE4,+,42217410,42218410,0.644682749,0.414829708,-,7.206293614,4.647898662,436950,41780960,42217910
chr6,42138900,42139900,ENSG00000188112,C6orf132,-,42199190,42200190,0.701573053,0.091756139,-,9.740664879,0.086827016,60290,42139400,42199690
chr6,42217410,42218410,ENSG00000048544,MRPS10,-,42197400,42198400,0.825464082,0.036268349,-,9.522462648,1.377856153,20010,42217910,42197900
chr6,42217410,42218410,ENSG00000048544,MRPS10,-,42199190,42200190,0.821019659,0.035319949,-,13.92535851,1.377856153,18220,42217910,42199690
chr6,42217410,42218410,ENSG00000048544,MRPS10,-,42199190,42200190,0.886761485,0.049411702,-,13.92535851,1.377856153,18220,42217910,42199690
chr6,42563680,42564680,ENSG00000024048,UBR2,+,42199190,42200190,0.861746659,0.331554612,-,22.808364,0.887111839,364490,42564180,42199690
chr6,43053430,43054430,ENSG00000044090,CUL7,-,42199190,42200190,0.688542669,0.467720755,-,19.75597624,1.603292877,854240,43053930,42199690
chr6,43053430,43054430,ENSG00000044090,CUL7,-,43628890,43629890,0.712270567,0.540433271,-,38.67555132,1.603292877,575460,43053930,43629390
chr6,43053430,43054430,ENSG00000044090,CUL7,-,43972220,43973220,0.630129741,0.354795349,+,10.92257327,1.603292877,918790,43053930,43972720
chr6,43181650,43182650,ENSG00000112659,CUL9,+,43628890,43629890,0.636681526,0.32147754,-,34.20888079,1.810110987,447240,43182150,43629390
chr6,43369380,43370380,ENSG00000171467,ZNF318,-,43714160,43715160,0.860712305,0.529346406,-,16.49393841,1.406534763,344780,43369880,43714660
chr6,43427240,43428240,ENSG00000124574,ABCC10,+,43946630,43947630,0.646660472,0.448105302,-,13.96665322,0.810470662,519390,43427740,43947130
chr6,43477110,43478110,ENSG00000137221,TJAP1,+,43946630,43947630,0.841496233,0.479430749,-,3.419641907,0.801963931,469520,43477610,43947130
chr6,43506250,43507250,ENSG00000204052,LRRC73,-,44471900,44472900,0.528335282,0.546923641,+,4.158792802,0.698593703,965650,43506750,44472400
chr6,43575530,43576530,ENSG00000170734,POLH,+,43798490,43799490,0.753223402,0.289864059,-,32.41439346,1.218046078,222960,43576030,43798990
chr6,43575530,43576530,ENSG00000170734,POLH,+,43969210,43970210,0.787700911,0.328747272,-,33.76123635,1.218046078,393680,43576030,43969710
chr6,43769750,43770750,ENSG00000112715,VEGFA,+,43946630,43947630,0.820441851,0.06597955,-,14.9748306,11.0735831,176880,43770250,43947130
chr6,44218990,44219990,ENSG00000112759,SLC29A1,+,44462200,44463200,0.878300209,0.061038002,+,7.891443732,0.920847729,243210,44219490,44462700
chr6,44265170,44266170,ENSG00000146232,NFKBIE,-,43855860,43856860,0.82655966,0.424614179,+,10.19221888,1.191382498,409310,44265670,43856360
chr6,44265170,44266170,ENSG00000146232,NFKBIE,-,43950930,43951930,0.781577971,0.326367348,+,10.78549438,1.191382498,314240,44265670,43951430
chr6,47477340,47478340,ENSG00000198087,CD2AP,+,47420100,47421100,0.688648792,0.000407266,-,71.56495613,1.459076476,57240,47477840,47420600
chr6,47477340,47478340,ENSG00000198087,CD2AP,+,47424090,47425090,0.893421732,0.416694711,-,56.13979326,1.459076476,53250,47477840,47424590
chr6,49636350,49637350,ENSG00000112077,RHAG,-,49646040,49647040,0.420930349,0.000407266,-,21.96732024,4.105997709,9690,49636850,49646540
chr6,49636350,49637350,ENSG00000112077,RHAG,-,49646040,49647040,0.566476256,0.000407266,-,21.96732024,4.105997709,9690,49636850,49646540
chr6,49636350,49637350,ENSG00000112077,RHAG,-,49666690,49667690,0.892116928,0.161532294,+,8.763763962,4.105997709,30340,49636850,49667190
chr6,49636350,49637350,ENSG00000112077,RHAG,-,49781880,49782880,0.884264812,0.233977834,-,12.6134573,4.105997709,145530,49636850,49782380
chr6,53061440,53062440,ENSG00000112144,ICK,-,52670550,52671550,0.809041463,0.483357796,+,12.60930339,0.143307405,390890,53061940,52671050
chr6,79537100,79538100,ENSG00000135338,LCA5,-,79599600,79600600,0.636447403,0.447380927,+,24.22191373,0.185769122,62500,79537600,79600100
chr6,83859210,83860210,ENSG00000065615,CYB5R4,+,83974180,83975180,0.841769959,0.088462897,-,32.4857429,0.415515997,114970,83859710,83974680
chr6,84033300,84034300,ENSG00000135324,MRAP2,+,83974180,83975180,0.334633144,0.000407266,-,19.77405795,0.310532007,59120,84033800,83974680
chr6,84227370,84228370,ENSG00000135315,KIAA1009,-,83974180,83975180,0.74327359,0.094475056,-,22.21679894,0.294753648,253190,84227870,83974680
chr6,87154370,87155370,ENSG00000188994,ZNF292,+,87722400,87723400,0.86337724,0.344755004,-,10.86857249,0.963880257,568030,87154870,87722900
chr6,89080310,89081310,ENSG00000146278,PNRC1,+,89035490,89036490,0.83480907,0.093161274,-,11.77778918,10.44362592,44820,89080810,89035990
chr6,90296480,90297480,ENSG00000112182,BACH2,-,90368950,90369950,0.492476414,0.507533868,+,15.82076131,0.11984,72470,90296980,90369450
chr6,107113930,107114930,ENSG00000178409,BEND3,-,106829070,106830070,0.592673999,0.389857889,-,15.56615132,0.202993848,284860,107114430,106829570
chr6,107459140,107460140,ENSG00000164494,PDSS2,-,106846880,106847880,0.8562056,0.495815569,+,14.9613915,0.265874538,612260,107459640,106847380
chr6,109440180,109441180,ENSG00000135587,SMPD2,+,108737690,108738690,0.810147951,0.419070211,+,20.19848939,0.501200543,702490,109440680,108738190
chr6,125153220,125154220,ENSG00000111907,TPD52L1,+,125306920,125307920,0.852991406,0.036268349,-,20.15255208,0.578423112,153700,125153720,125307420
chr6,125153220,125154220,ENSG00000111907,TPD52L1,+,125306920,125307920,0.861863803,0.060127362,-,20.15255208,0.578423112,153700,125153720,125307420
chr6,125301520,125302520,ENSG00000111906,HDDC2,-,125306920,125307920,0.6990503,0.000407266,-,28.24216155,2.839175136,5400,125302020,125307420
chr6,125301520,125302520,ENSG00000111906,HDDC2,-,125306920,125307920,0.728167818,0.000407266,-,28.24216155,2.839175136,5400,125302020,125307420
chr6,125956120,125957120,ENSG00000111911,HINT3,+,125306920,125307920,0.872359559,0.283836197,-,45.05081941,0.460475802,649200,125956620,125307420
chr6,125986000,125987000,ENSG00000066651,TRMT11,+,125306920,125307920,0.878023634,0.419843965,-,32.33400316,0.820062846,679080,125986500,125307420
chr6,137866550,137867550,ENSG00000118503,TNFAIP3,+,137919410,137920410,0.650062012,0.462798296,-,18.62977906,1.395066262,52860,137867050,137919910
chr6,138987330,138988330,ENSG00000135597,REPS1,-,139497080,139498080,0.85284055,0.414248697,-,33.96697686,0.417360192,509750,138987830,139497580
chr6,139134580,139135580,ENSG00000112406,HECA,+,139973640,139974640,0.625261214,0.383861243,-,7.583321657,0.134469338,839060,139135080,139974140
chr6,139374200,139375200,ENSG00000164442,CITED2,-,139445120,139446120,0.6412807,0.000798631,-,41.22849299,4.625185353,70920,139374700,139445620
chr6,139374200,139375200,ENSG00000164442,CITED2,-,139445120,139446120,0.652014593,0.003160666,-,41.22849299,4.625185353,70920,139374700,139445620
chr6,139374200,139375200,ENSG00000164442,CITED2,-,139448640,139449640,0.770485696,0.036268349,+,32.05373669,4.625185353,74440,139374700,139449140
chr6,139374200,139375200,ENSG00000164442,CITED2,-,139518310,139519310,0.854990816,0.097127549,-,34.43343605,4.625185353,144110,139374700,139518810
chr6,139374200,139375200,ENSG00000164442,CITED2,-,139518310,139519310,0.871635432,0.065407469,-,34.43343605,4.625185353,144110,139374700,139518810
chr6,139374200,139375200,ENSG00000164442,CITED2,-,139518310,139519310,0.894212755,0.340976002,-,34.43343605,4.625185353,144110,139374700,139518810
chr6,139374200,139375200,ENSG00000164442,CITED2,-,139533720,139534720,0.729541015,0.021738388,-,43.96933781,4.625185353,159520,139374700,139534220
chr6,139374200,139375200,ENSG00000164442,CITED2,-,139624690,139625690,0.745781994,0.040392783,+,34.29415803,4.625185353,250490,139374700,139625190
chr6,139374200,139375200,ENSG00000164442,CITED2,-,139624690,139625690,0.812841898,0.080387148,+,34.29415803,4.625185353,250490,139374700,139625190
chr6,139374200,139375200,ENSG00000164442,CITED2,-,139648040,139649040,0.799374832,0.036268349,+,34.70050776,4.625185353,273840,139374700,139648540
chr6,149941340,149942340,ENSG00000131015,ULBP2,+,149118790,149119790,0.837010688,0.42432003,-,8.889114179,0.046255314,822550,149941840,149119290
chr6,149941340,149942340,ENSG00000131015,ULBP2,+,150267420,150268420,0.843031931,0.198760046,+,11.76874833,0.046255314,326080,149941840,150267920
chr6,149941340,149942340,ENSG00000131015,ULBP2,+,150269440,150270440,0.847379207,0.203622032,+,9.724293603,0.046255314,328100,149941840,150269940
chr6,149941340,149942340,ENSG00000131015,ULBP2,+,150276690,150277690,0.836010285,0.287235294,-,8.117709428,0.046255314,335350,149941840,150277190
chr6,150142700,150143700,ENSG00000198729,PPP1R14C,+,150269440,150270440,0.616747184,0.030785497,+,7.740681385,0.33319837,126740,150143200,150269940
chr6,150142700,150143700,ENSG00000198729,PPP1R14C,+,150269440,150270440,0.892981254,0.309830521,+,7.740681385,0.33319837,126740,150143200,150269940
chr6,150142700,150143700,ENSG00000198729,PPP1R14C,+,150276030,150277030,0.860747452,0.305525878,+,9.150810248,0.33319837,133330,150143200,150276530
chr6,155313950,155314950,ENSG00000029639,TFB1M,-,155642480,155643480,0.862242224,0.496751629,-,78.95695377,1.534318956,328530,155314450,155642980
chr6,157981370,157982370,ENSG00000078269,SYNJ2,+,157963850,157964850,0.613946837,0.067130793,-,35.01938113,0.761217976,17520,157981870,157964350
chr6,160991170,160992170,ENSG00000085511,MAP3K4,+,160791770,160792770,0.872869332,0.135416682,-,53.33175291,1.106584705,199400,160991670,160792270
chr6,160991170,160992170,ENSG00000085511,MAP3K4,+,160791770,160792770,0.898989282,0.507689151,-,53.33175291,1.106584705,199400,160991670,160792270
chr6,163414120,163415120,ENSG00000112531,QKI,+,163776930,163777930,0.887662334,0.263436474,-,94.27240465,1.205498213,362810,163414620,163777430
chr7,518720,519720,ENSG00000197461,PDGFA,-,1417200,1418200,0.513247353,0.233806888,+,3.036016484,0.379513248,898480,519220,1417700
chr7,876100,877100,ENSG00000239857,GET4,+,1169140,1170140,0.651622843,0.526989394,+,18.49416625,2.205281963,293040,876600,1169640
chr7,922510,923510,ENSG00000105963,ADAP1,-,1417200,1418200,0.396664153,0.105605056,+,0.370919358,0.046820109,494690,923010,1417700
chr7,5282520,5283520,ENSG00000164638,SLC29A4,+,5239840,5240840,0.704328318,0.540047309,+,2.541701688,0.108805703,42680,5283020,5240340
chr7,5592300,5593300,ENSG00000075618,FSCN1,+,5574050,5575050,0.745105188,0.0159672,+,16.83382565,3.253274267,18250,5592800,5574550
chr7,5592300,5593300,ENSG00000075618,FSCN1,+,5574050,5575050,0.786340151,0.000407266,+,16.83382565,3.253274267,18250,5592800,5574550
chr7,6008750,6009750,ENSG00000106305,AIMP2,+,5574050,5575050,0.890640845,0.408191981,+,35.99628204,1.486271302,434700,6009250,5574550
chr7,6272250,6273250,ENSG00000008256,CYTH3,-,5574050,5575050,0.795240735,0.444786004,+,14.71802148,0.498342468,698200,6272750,5574550
chr7,6272250,6273250,ENSG00000008256,CYTH3,-,7148630,7149630,0.75242665,0.326367348,+,6.206668388,0.498342468,876380,6272750,7149130
chr7,7182000,7183000,ENSG00000106392,C1GALT1,+,7104010,7105010,0.847878314,0.100089895,-,45.37873363,0.62035275,77990,7182500,7104510
chr7,7182000,7183000,ENSG00000106392,C1GALT1,+,7104560,7105560,0.835934665,0.055533752,+,43.44130307,0.62035275,77440,7182500,7105060
chr7,7182000,7183000,ENSG00000106392,C1GALT1,+,7148630,7149630,0.87521941,0.075148704,+,42.46733432,0.62035275,33370,7182500,7149130
chr7,12403310,12404310,ENSG00000146530,VWDE,-,12722170,12723170,0.850393468,0.131502992,+,61.15624545,1.454423047,318860,12403810,12722670
chr7,12686280,12687280,ENSG00000122644,ARL4A,+,12722170,12723170,0.63058379,0.000407266,+,57.15554542,47.54345014,35890,12686780,12722670
chr7,12686280,12687280,ENSG00000122644,ARL4A,+,12722170,12723170,0.635600004,0.000407266,+,57.15554542,47.54345014,35890,12686780,12722670
chr7,22499770,22500770,ENSG00000105889,STEAP1B,-,22680200,22681200,0.814652355,0.04426468,-,6.618393762,1.684881422,180430,22500270,22680700
chr7,22499770,22500770,ENSG00000105889,STEAP1B,-,22680200,22681200,0.856043752,0.100285046,-,6.618393762,1.684881422,180430,22500270,22680700
chr7,22725410,22726410,ENSG00000136244,IL6,+,22680200,22681200,0.3683978,0.028130452,-,2.527040843,0.313233017,45210,22725910,22680700
chr7,22725410,22726410,ENSG00000136244,IL6,+,22680200,22681200,0.446904311,0.035319949,-,2.527040843,0.313233017,45210,22725910,22680700
chr7,22725410,22726410,ENSG00000136244,IL6,+,22681520,22682520,0.305561686,0.036268349,-,2.355020272,0.313233017,43890,22725910,22682020
chr7,22725410,22726410,ENSG00000136244,IL6,+,22681520,22682520,0.437579751,0.037146692,-,2.355020272,0.313233017,43890,22725910,22682020
chr7,22725410,22726410,ENSG00000136244,IL6,+,22696760,22697760,0.659333181,0.255622436,-,3.80228994,0.313233017,28650,22725910,22697260
chr7,32956920,32957920,ENSG00000122642,FKBP9,+,32494910,32495910,0.799162252,0.303289214,+,54.4188545,0.240413889,462010,32957420,32495410
chr7,43582590,43583590,ENSG00000164543,STK17A,+,43572130,43573130,0.880232851,0.438425451,-,22.25687191,0.551066197,10460,43583090,43572630
chr7,43925980,43926980,ENSG00000078967,UBE2D4,+,43572130,43573130,0.894703188,0.483185623,-,12.81626564,0.274824771,353850,43926480,43572630
chr7,44999560,45000560,ENSG00000136280,CCM2,+,44991870,44992870,0.860617388,0.171508875,+,28.30300405,1.846504755,7690,45000060,44992370
chr7,64902770,64903770,ENSG00000198039,ZNF273,+,64849120,64850120,0.871801028,0.062490643,+,15.42394113,1.309460123,53650,64903270,64849620
chr7,66114380,66115380,ENSG00000241258,CRCP,+,66920680,66921680,0.89828423,0.303978912,-,16.39497771,1.483664744,806300,66114880,66921180
chr7,73578330,73579330,ENSG00000106638,TBL2,-,74279370,74280370,0.894683799,0.249883155,-,19.12116169,5.503644612,701040,73578830,74279870
chr7,74083150,74084150,ENSG00000106683,LIMK1,+,73664720,73665720,0.753588593,0.447542985,-,15.49455753,0.538930264,418430,74083650,73665220
chr7,76201360,76202360,ENSG00000177679,SRRM3,+,75795800,75796800,0.407197835,0.504440524,+,2.7051701,0.041965805,405560,76201860,75796300
chr7,76201360,76202360,ENSG00000177679,SRRM3,+,76363830,76364830,0.300484408,0.476351114,-,4.46667053,0.041965805,162470,76201860,76364330
chr7,76302040,76303040,ENSG00000106211,HSPB1,+,76291350,76292350,0.867048944,0.035319949,+,16.47487931,6.202872492,10690,76302540,76291850
chr7,76409220,76410220,ENSG00000146700,SRCRB4D,-,76166260,76167260,0.528403243,0.450998411,+,20.45334373,0.549755835,242960,76409720,76166760
chr7,76409220,76410220,ENSG00000146700,SRCRB4D,-,76291350,76292350,0.538898139,0.539755798,+,7.403970663,0.549755835,117870,76409720,76291850
chr7,92836130,92837130,ENSG00000105810,CDK6,-,93004720,93005720,0.75653787,0.030491428,-,20.15572859,1.0537151,168590,92836630,93005220
chr7,92836130,92837130,ENSG00000105810,CDK6,-,93004720,93005720,0.802750674,0.034427731,-,20.15572859,1.0537151,168590,92836630,93005220
chr7,93231830,93232830,ENSG00000004766,CCDC132,+,93004720,93005720,0.778333282,0.369001179,-,32.65141044,0.243031769,227110,93232330,93005220
chr7,99679480,99680480,ENSG00000106258,CYP3A5,-,99806670,99807670,0.766980003,0.111230218,+,1.941340118,0.681842444,127190,99679980,99807170
chr7,100081410,100082410,ENSG00000166526,ZNF3,-,100672930,100673930,0.898279097,0.455736403,-,23.66211383,2.837847805,591520,100081910,100673430
chr7,100167600,100168600,ENSG00000197093,GAL3ST4,-,100693300,100694300,0.566926443,0.49030551,-,6.428291482,0.254186867,525700,100168100,100693800
chr7,100167600,100168600,ENSG00000197093,GAL3ST4,-,99806670,99807670,0.485584092,0.298821383,+,1.275493444,0.254186867,360930,100168100,99807170
chr7,100176890,100177890,ENSG00000066923,STAG3,+,100532410,100533410,0.645423807,0.303178772,+,13.88797335,0.162652484,355520,100177390,100532910
chr7,100538430,100539430,ENSG00000106351,AGFG2,+,100532910,100533910,0.715636556,0.168417486,-,30.39730565,0.708732439,5520,100538930,100533410
chr7,100538430,100539430,ENSG00000106351,AGFG2,+,100672930,100673930,0.808817227,0.440576098,-,42.04314723,0.708732439,134500,100538930,100673430
chr7,100584920,100585920,ENSG00000077454,LRCH4,-,101217200,101218200,0.86121887,0.278949343,+,14.60733211,1.603245285,632280,100585420,101217700
chr7,100602430,100603430,ENSG00000106333,PCOLCE,+,100449870,100450870,0.845026127,0.497606186,-,3.193620559,0.634970721,152560,100602930,100450370
chr7,100602430,100603430,ENSG00000106333,PCOLCE,+,101217200,101218200,0.843383885,0.347680624,+,11.29324828,0.634970721,614770,100602930,101217700
chr7,100611710,100612710,ENSG00000106330,MOSPD3,+,101217200,101218200,0.883203949,0.056187023,+,29.57654272,6.992243456,605490,100612210,101217700
chr7,100889370,100890370,ENSG00000176125,UFSP1,-,100532910,100533910,0.769264323,0.499968681,-,15.73866058,3.112519788,356460,100889870,100533410
chr7,100889370,100890370,ENSG00000176125,UFSP1,-,101099470,101100470,0.755879118,0.48932762,+,17.4876993,3.112519788,210100,100889870,101099970
chr7,101085020,101086020,ENSG00000169871,TRIM56,+,101099470,101100470,0.795713981,0.060867859,+,7.145206763,3.332385886,14450,101085520,101099970
chr7,101164890,101165890,ENSG00000128564,VGF,-,100532410,100533410,0.74737996,0.182250778,+,4.37821677,0.29283893,632480,101165390,100532910
chr7,101164890,101165890,ENSG00000128564,VGF,-,100532910,100533910,0.75518887,0.04696211,-,4.889391537,0.29283893,631980,101165390,100533410
chr7,101164890,101165890,ENSG00000128564,VGF,-,100672930,100673930,0.831495303,0.105645203,-,16.53523312,0.29283893,491960,101165390,100673430
chr7,101164890,101165890,ENSG00000128564,VGF,-,101099470,101100470,0.806401536,0.28793389,+,6.638430249,0.29283893,65420,101165390,101099970
chr7,101244670,101245670,ENSG00000214253,FIS1,-,101217200,101218200,0.888087558,0.036425286,+,26.41761949,1.775293494,27470,101245170,101217700
chr7,101321320,101322320,ENSG00000128581,RABL5,-,101217200,101218200,0.83544005,0.057742747,+,12.07467127,0.143702902,104120,101321820,101217700
chr7,101321320,101322320,ENSG00000128581,RABL5,-,101351930,101352930,0.824656183,0.263788373,+,1.643724981,0.143702902,30610,101321820,101352430
chr7,102464380,102465380,ENSG00000161036,LRWD1,+,101729070,101730070,0.894182412,0.301479983,-,27.44021337,0.734030294,735310,102464880,101729570
chr7,103988920,103989920,ENSG00000189056,RELN,-,103993920,103994920,0.276383062,0.000407266,+,10.72905013,0.106893408,5000,103989420,103994420
chr7,107044110,107045110,ENSG00000005249,PRKAR2B,+,106978230,106979230,0.667558699,0.01998267,+,46.64567491,1.297910067,65880,107044610,106978730
chr7,107044110,107045110,ENSG00000005249,PRKAR2B,+,106978230,106979230,0.727660601,0.01794352,+,46.64567491,1.297910067,65880,107044610,106978730
chr7,107044110,107045110,ENSG00000005249,PRKAR2B,+,106978810,106979810,0.790561479,0.032497692,-,38.34226146,1.297910067,65300,107044610,106979310
chr7,107044110,107045110,ENSG00000005249,PRKAR2B,+,106979170,106980170,0.839860932,0.050965305,+,37.28154938,1.297910067,64940,107044610,106979670
chr7,107044110,107045110,ENSG00000005249,PRKAR2B,+,106979170,106980170,0.858058118,0.064507306,+,37.28154938,1.297910067,64940,107044610,106979670
chr7,107044110,107045110,ENSG00000005249,PRKAR2B,+,106979170,106980170,0.880120784,0.263645755,+,37.28154938,1.297910067,64940,107044610,106979670
chr7,107044110,107045110,ENSG00000005249,PRKAR2B,+,107007060,107008060,0.580949948,0.000407266,-,56.55664993,1.297910067,37050,107044610,107007560
chr7,107044110,107045110,ENSG00000005249,PRKAR2B,+,107007060,107008060,0.74510047,0.034621409,-,56.55664993,1.297910067,37050,107044610,107007560
chr7,107044110,107045110,ENSG00000005249,PRKAR2B,+,107009440,107010440,0.779790892,0.028576176,+,38.03145156,1.297910067,34670,107044610,107009940
chr7,107044110,107045110,ENSG00000005249,PRKAR2B,+,107009440,107010440,0.816823716,0.036425286,+,38.03145156,1.297910067,34670,107044610,107009940
chr7,107044110,107045110,ENSG00000005249,PRKAR2B,+,107025150,107026150,0.857201614,0.098918434,-,35.52566894,1.297910067,18960,107044610,107025650
chr7,107044110,107045110,ENSG00000005249,PRKAR2B,+,107035090,107036090,0.886891825,0.067525065,-,36.49108553,1.297910067,9020,107044610,107035590
chr7,107563480,107564480,ENSG00000105865,DUS4L,+,107836010,107837010,0.888997096,0.504304609,-,20.50392364,5.666903113,272530,107563980,107836510
chr7,107563800,107564800,ENSG00000164597,COG5,-,106979170,106980170,0.837050691,0.497465413,+,15.50653055,0.723368994,584630,107564300,106979670
chr7,107660080,107661080,ENSG00000091137,SLC26A4,+,107007060,107008060,0.17538534,0.30938035,-,22.58576352,0.033680705,653020,107660580,107007560
chr7,107743170,107744170,ENSG00000105879,CBLL1,+,107836010,107837010,0.856214038,0.491155465,-,66.52700137,5.550820629,92840,107743670,107836510
chr7,128829840,128830840,ENSG00000128591,FLNC,+,128204120,128205120,0.857544643,0.251028263,+,17.96393239,3.141202716,625720,128830340,128204620
chr7,138459720,138460720,ENSG00000122779,TRIM24,+,138352450,138353450,0.809029664,0.036748855,+,140.1303035,2.09138657,107270,138460220,138352950
chr7,139109310,139110310,ENSG00000105939,ZC3HAV1,-,139117890,139118890,0.897125334,0.194515216,+,33.24712941,1.994069996,8580,139109810,139118390
chr7,139133110,139134110,ENSG00000105948,TTC26,+,138243190,138244190,0.730946422,0.283823235,+,10.02484091,0.189424383,889920,139133610,138243690
chr7,139133110,139134110,ENSG00000105948,TTC26,+,139117890,139118890,0.747591585,0.493458646,+,12.26721703,0.189424383,15220,139133610,139118390
chr7,142854410,142855410,ENSG00000106123,EPHB6,+,142804310,142805310,0.676915546,0.027176463,-,0.000488695,0.220032326,50100,142854910,142804810
chr7,142854410,142855410,ENSG00000106123,EPHB6,+,142808580,142809580,0.482859242,0.001190301,-,0.008796507,0.220032326,45830,142854910,142809080
chr7,149239110,149240110,ENSG00000170260,ZNF212,+,149028150,149029150,0.757777478,0.152693709,-,121.4262429,1.094322045,210960,149239610,149028650
chr7,149714230,149715230,ENSG00000133619,KRBA1,+,149690760,149691760,0.801739676,0.543415102,-,30.17055126,1.069646333,23470,149714730,149691260
chr7,149773140,149774140,ENSG00000181444,ZNF467,-,149320890,149321890,0.704485263,0.289738463,+,2.714210954,1.248879659,452250,149773640,149321390
chr7,149773140,149774140,ENSG00000181444,ZNF467,-,149760290,149761290,0.739891106,0.29109212,-,4.29636039,1.248879659,12850,149773640,149760790
chr7,150955510,150956510,ENSG00000055118,KCNH2,-,150977770,150978770,0.330478628,0.000407266,-,28.59426616,3.865347912,22260,150956010,150978270
chr7,155297210,155298210,ENSG00000186480,INSIG1,+,155290800,155291800,0.891094537,0.056309643,-,94.21986996,77.18798237,6410,155297710,155291300
chr8,11867630,11868630,ENSG00000164733,CTSB,-,11877230,11878230,0.78085497,0.036268349,+,6.403368047,3.578032991,9600,11868130,11877730
chr8,11867630,11868630,ENSG00000164733,CTSB,-,11877720,11878720,0.769917955,0.034621409,+,6.348389881,3.578032991,10090,11868130,11878220
chr8,22603980,22604980,ENSG00000158941,CCAR2,+,22673030,22674030,0.802512663,0.005826833,+,9.243906609,1.48678855,69050,22604480,22673530
chr8,23245920,23246920,ENSG00000147457,CHMP7,+,23508480,23509480,0.854740624,0.525632492,-,45.17421485,0.815758331,262560,23246420,23508980
chr8,23528310,23529310,ENSG00000147454,SLC25A37,+,23508480,23509480,0.597699028,0.000407266,-,45.95857002,11.23347215,19830,23528810,23508980
chr8,23528310,23529310,ENSG00000147454,SLC25A37,+,23508480,23509480,0.774159718,0.010966407,-,45.95857002,11.23347215,19830,23528810,23508980
chr8,38104610,38105610,ENSG00000129691,ASH2L,+,38081590,38082590,0.796459738,0.050048476,-,20.19677896,2.454075747,23020,38105110,38082090
chr8,38104610,38105610,ENSG00000129691,ASH2L,+,38081590,38082590,0.897757155,0.50623752,-,20.19677896,2.454075747,23020,38105110,38082090
chr8,38150470,38151470,ENSG00000147465,STAR,-,38029880,38030880,0.89689163,0.28571844,+,15.32009348,1.454204572,120590,38150970,38030380
chr8,38150470,38151470,ENSG00000147465,STAR,-,38081590,38082590,0.823232015,0.081017961,-,11.32721257,1.454204572,68880,38150970,38082090
chr8,38150470,38151470,ENSG00000147465,STAR,-,38081590,38082590,0.858341607,0.191876287,-,11.32721257,1.454204572,68880,38150970,38082090
chr8,38150470,38151470,ENSG00000147465,STAR,-,38082410,38083410,0.869520771,0.222312254,+,5.3350812,1.454204572,68060,38150970,38082910
chr8,42152520,42153520,ENSG00000070718,AP3M2,+,42391390,42392390,0.865145546,0.35249637,+,38.81067543,0.721400467,238870,42153020,42391890
chr8,55879360,55880360,ENSG00000254087,LYN,+,55847570,55848570,0.835646559,0.063911537,+,37.78295026,0.967488356,31790,55879860,55848070
chr8,55879360,55880360,ENSG00000254087,LYN,+,55847570,55848570,0.841014772,0.044437935,+,37.78295026,0.967488356,31790,55879860,55848070
chr8,55879360,55880360,ENSG00000254087,LYN,+,55851410,55852410,0.745355412,0.036425286,-,24.26907278,0.967488356,27950,55879860,55851910
chr8,55879360,55880360,ENSG00000254087,LYN,+,55851410,55852410,0.827833845,0.102878764,-,24.26907278,0.967488356,27950,55879860,55851910
chr8,55879360,55880360,ENSG00000254087,LYN,+,55852900,55853900,0.699941767,0.033047821,+,23.14336429,0.967488356,26460,55879860,55853400
chr8,55879360,55880360,ENSG00000254087,LYN,+,55852900,55853900,0.879938202,0.189490096,+,23.14336429,0.967488356,26460,55879860,55853400
chr8,60281010,60282010,ENSG00000178538,CA8,-,60329970,60330970,0.675849756,0.027002633,+,27.20344074,0.804371474,48960,60281510,60330470
chr8,60281010,60282010,ENSG00000178538,CA8,-,60329970,60330970,0.829858566,0.057742747,+,27.20344074,0.804371474,48960,60281510,60330470
chr8,67343120,67344120,ENSG00000066777,ARFGEF1,-,67365970,67366970,0.832842951,0.093671491,-,20.68791724,0.653319033,22850,67343620,67366470
chr8,72075230,72076230,ENSG00000104321,TRPA1,-,72134060,72135060,0.266727909,0.103870541,+,9.54396522,0.031827531,58830,72075730,72134560
chr8,79767120,79768120,ENSG00000164683,HEY1,-,79760290,79761290,0.430591111,0.14066557,-,39.3919779,0.970853014,6830,79767620,79760790
chr8,81841780,81842780,ENSG00000104497,SNX16,-,81858460,81859460,0.707612061,0.163824105,-,18.45336023,0.611631801,16680,81842280,81858960
chr8,85176660,85177660,ENSG00000133740,E2F5,+,85960790,85961790,0.826519952,0.376188319,-,14.94868543,0.256167222,784130,85177160,85961290
chr8,86342050,86343050,ENSG00000123124,WWP1,+,85958870,85959870,0.763703784,0.294305048,+,28.92266907,0.536852141,383180,86342550,85959370
chr8,90000940,90001940,ENSG00000104325,DECR1,+,90167490,90168490,0.79145301,0.036748855,+,30.99717852,1.303509394,166550,90001440,90167990
chr8,90000940,90001940,ENSG00000104325,DECR1,+,90187510,90188510,0.868271025,0.095202235,+,19.33227784,1.303509394,186570,90001440,90188010
chr8,90000940,90001940,ENSG00000104325,DECR1,+,90197010,90198010,0.877286058,0.20147122,-,19.75817537,1.303509394,196070,90001440,90197510
chr8,96261130,96262130,ENSG00000156469,MTERFD1,-,97214340,97215340,0.85476714,0.470080901,-,38.2630929,0.512591244,953210,96261630,97214840
chr8,96644800,96645800,ENSG00000104324,CPQ,+,97214340,97215340,0.855525277,0.537249853,-,21.99810801,0.210729054,569540,96645300,97214840
chr8,96644800,96645800,ENSG00000104324,CPQ,+,97214340,97215340,0.858935978,0.486635057,-,21.99810801,0.210729054,569540,96645300,97214840
chr8,102238220,102239220,ENSG00000048392,RRM2B,-,102567600,102568600,0.811726042,0.357195656,+,48.89171624,0.419845168,329380,102238720,102568100
chr8,103414200,103415200,ENSG00000164934,DCAF13,+,102567600,102568600,0.895501349,0.12192104,+,25.53381493,0.928202088,846600,103414700,102568100
chr8,103414740,103415740,ENSG00000164933,SLC25A32,-,102810190,102811190,0.819190441,0.256716977,-,76.9545268,0.738376259,604550,103415240,102810690
chr8,123178510,123179510,ENSG00000147689,FAM83A,+,123165790,123166790,0.650375801,0.000407266,+,8.010685265,3.34524702,12720,123179010,123166290
chr8,123178510,123179510,ENSG00000147689,FAM83A,+,123165790,123166790,0.752509421,0.000407266,+,8.010685265,3.34524702,12720,123179010,123166290
chr8,123767790,123768790,ENSG00000176853,FAM91A1,+,124449930,124450930,0.796155484,0.318680385,+,14.71875452,0.704591859,682140,123768290,124450430
chr8,125091210,125092210,ENSG00000156831,NSMCE2,+,124735610,124736610,0.876089362,0.277984779,+,9.352885551,0.354251117,355600,125091710,124736110
chr8,140635150,140636150,ENSG00000123908,AGO2,-,140464200,140465200,0.895452803,0.543415102,-,46.78495293,1.318416119,170950,140635650,140464700
chr8,143541070,143542070,ENSG00000014164,ZC3H3,-,143899230,143900230,0.801476922,0.454974173,+,3.502964372,0.534945501,358160,143541570,143899730
chr8,143635610,143636610,ENSG00000183309,ZNF623,+,144073540,144074540,0.811505883,0.519354119,-,0.533410381,2.689505475,437930,143636110,144074040
chr8,143840560,143841560,ENSG00000185189,NRBP2,-,144073540,144074540,0.78722619,0.282120442,-,12.71950407,0.452760841,232980,143841060,144074040
chr8,144373360,144374360,ENSG00000173137,ADCK5,+,143899230,143900230,0.710886517,0.41188228,+,17.97004107,0.805595477,474130,144373860,143899730
chr9,4792450,4793450,ENSG00000120158,RCL1,+,4762930,4763930,0.863282254,0.279819146,-,24.41103862,1.216985427,29520,4792950,4763430
chr9,4792450,4793450,ENSG00000120158,RCL1,+,4923500,4924500,0.896539489,0.362516328,+,23.82509354,1.216985427,131050,4792950,4924000
chr9,4984660,4985660,ENSG00000096968,JAK2,+,5626860,5627860,0.862010006,0.454117872,-,26.86233177,0.86905542,642200,4985160,5627360
chr9,5437390,5438390,ENSG00000107020,PLGRKT,-,4762930,4763930,0.802574676,0.348361282,-,2.284648219,0.081741057,674460,5437890,4763430
chr9,5832590,5833590,ENSG00000099219,ERMP1,-,5838890,5839890,0.550535486,0.084774986,-,3.784208233,0.404555345,6300,5833090,5839390
chr9,5832590,5833590,ENSG00000099219,ERMP1,-,6683100,6684100,0.652720669,0.363517695,+,4.416823659,0.404555345,850510,5833090,6683600
chr9,6007610,6008610,ENSG00000183354,KIAA2026,-,6683100,6684100,0.804158319,0.398330323,+,14.79450222,0.434099428,675490,6008110,6683600
chr9,19126940,19127940,ENSG00000147872,PLIN2,-,19153790,19154790,0.854555499,0.054574126,+,7.576724277,0.757177125,26850,19127440,19154290
chr9,19126940,19127940,ENSG00000147872,PLIN2,-,19161390,19162390,0.83330313,0.171755413,+,3.673518859,0.757177125,34450,19127440,19161890
chr9,32552190,32553190,ENSG00000197579,TOPORS,-,33375550,33376550,0.815518953,0.382516339,+,2.709812701,0.63444927,823360,32552690,33376050
chr9,33166880,33167880,ENSG00000086062,B4GALT1,-,34149810,34150810,0.794756125,0.300089349,+,14.26084749,0.572754011,982930,33167380,34150310
chr9,33447120,33448120,ENSG00000165272,AQP3,-,32942510,32943510,0.86359594,0.476075663,-,8.602005981,0.256610471,504610,33447620,32943010
chr9,33447120,33448120,ENSG00000165272,AQP3,-,33617270,33618270,0.836913689,0.359733798,+,3.209991835,0.256610471,170150,33447620,33617770
chr9,68779480,68780480,ENSG00000187866,FAM122A,+,69019890,69020890,0.869994666,0.539663567,+,8.12406246,1.124361256,240410,68779980,69020390
chr9,69035320,69036320,ENSG00000165060,FXN,+,69019890,69020890,0.799135955,0.036425286,+,6.625479837,0.889485013,15430,69035820,69020390
chr9,69035320,69036320,ENSG00000165060,FXN,+,69811080,69812080,0.882054627,0.159260895,+,4.215237052,0.889485013,775760,69035820,69811580
chr9,69759700,69760700,ENSG00000188647,PTAR1,-,69811080,69812080,0.849871877,0.533794042,+,6.967566201,0.819616702,51380,69760200,69811580
chr9,69759700,69760700,ENSG00000188647,PTAR1,-,69811080,69812080,0.852285259,0.386365998,+,6.967566201,0.819616702,51380,69760200,69811580
chr9,71910770,71911770,ENSG00000155621,C9orf85,+,72857850,72858850,0.816238801,0.457302296,-,26.58719659,0.258643368,947080,71911270,72858350
chr9,87497250,87498250,ENSG00000196730,DAPK1,+,87409830,87410830,0.611661476,0.057742747,+,4.35182725,1.062083926,87420,87497750,87410330
chr9,87725030,87726030,ENSG00000135047,CTSL,+,87714490,87715490,0.895261215,0.147968527,-,2.096012024,4.258771597,10540,87725530,87714990
chr9,87725030,87726030,ENSG00000135047,CTSL,+,87792480,87793480,0.845256022,0.050413647,+,4.015605223,4.258771597,67450,87725530,87792980
chr9,87725030,87726030,ENSG00000135047,CTSL,+,87792700,87793700,0.849496981,0.135383087,+,4.264839575,4.258771597,67670,87725530,87793200
chr9,87725030,87726030,ENSG00000135047,CTSL,+,87794900,87795900,0.853635657,0.112974283,+,1.726314403,4.258771597,69870,87725530,87795400
chr9,87725030,87726030,ENSG00000135047,CTSL,+,87794900,87795900,0.887568944,0.12192104,+,1.726314403,4.258771597,69870,87725530,87795400
chr9,91361370,91362370,ENSG00000148090,AUH,-,91193640,91194640,0.750523189,0.521851956,+,7.01936785,0.510946484,167730,91361870,91194140
chr9,91423510,91424510,ENSG00000165030,NFIL3,-,91192600,91193600,0.595082236,0.426944795,+,15.96370454,0.615737123,230910,91424010,91193100
chr9,93095260,93096260,ENSG00000165233,C9orf89,+,93807980,93808980,0.897933656,0.548153949,+,52.09804287,0.333981216,712720,93095760,93808480
chr9,94030150,94031150,ENSG00000158079,PTPDC1,+,93807980,93808980,0.730771784,0.33040269,+,6.098178141,0.541561411,222170,94030650,93808480
chr9,97501160,97502160,ENSG00000136842,TMOD1,+,97960560,97961560,0.871404723,0.300089349,+,12.4438802,1.572930478,459400,97501660,97961060
chr9,97937870,97938870,ENSG00000136929,HEMGN,-,97960560,97961560,0.649209506,0.000407266,+,8.983920972,2.57937997,22690,97938370,97961060
chr9,97983090,97984090,ENSG00000136938,ANP32B,+,97960560,97961560,0.782694631,0.000407266,+,22.40005949,4.535113996,22530,97983590,97961060
chr9,98056380,98057380,ENSG00000095380,NANS,+,97960560,97961560,0.887882173,0.132245058,+,24.91439427,1.296736511,95820,98056880,97961060
chr9,98174210,98175210,ENSG00000106789,CORO2A,-,98256460,98257460,0.739986249,0.235439147,+,1.639571075,0.668175072,82250,98174710,98256960
chr9,98807160,98808160,ENSG00000119514,GALNT12,+,97922050,97923050,0.806449087,0.303178772,+,17.93729852,1.116068584,885110,98807660,97922550
chr9,98943330,98944330,ENSG00000204291,COL15A1,+,98931590,98932590,0.126531673,0.067130793,+,7.471410546,0.108946692,11740,98943830,98932090
chr9,99104460,99105460,ENSG00000106799,TGFBR1,+,99074450,99075450,0.618275273,0.040944295,+,46.57799068,1.008216923,30010,99104960,99074950
chr9,99104460,99105460,ENSG00000106799,TGFBR1,+,99074450,99075450,0.771122805,0.108797661,+,46.57799068,1.008216923,30010,99104960,99074950
chr9,99104460,99105460,ENSG00000106799,TGFBR1,+,99076230,99077230,0.781783376,0.328712636,-,43.28443204,1.008216923,28230,99104960,99076730
chr9,120868230,120869230,ENSG00000119403,PHF19,-,120896860,120897860,0.864601096,0.036268349,-,135.1614991,2.513007332,28630,120868730,120897360
chr9,124257400,124258400,ENSG00000119408,NEK6,+,123299230,123300230,0.845806176,0.468252176,+,2.450804454,0.300069299,958170,124257900,123299730
chr9,127450910,127451910,ENSG00000148356,LRSAM1,+,127862040,127863040,0.581628419,0.283836197,-,9.277870898,0.500760998,411130,127451410,127862540
chr9,127802290,127803290,ENSG00000136877,FPGS,+,128001390,128002390,0.896834786,0.3582255,-,3.847005515,1.340812897,199100,127802790,128001890
chr9,127846050,127847050,ENSG00000106991,ENG,-,127862040,127863040,0.228414447,0.205765487,-,4.072782516,0.909465647,15990,127846550,127862540
chr9,127876910,127877910,ENSG00000106992,AK1,-,127862040,127863040,0.779150157,0.023747052,-,4.637225017,0.418727542,14870,127877410,127862540
chr9,127916800,127917800,ENSG00000136840,ST6GALNAC4,-,128143370,128144370,0.872314638,0.502535197,+,3.705284021,0.613852396,226570,127917300,128143870
chr9,127955120,127956120,ENSG00000167106,FAM102A,-,128001390,128002390,0.653895904,0.206927223,-,1.04629558,1.354141059,46270,127955620,128001890
chr9,127955120,127956120,ENSG00000167106,FAM102A,-,128143370,128144370,0.634837283,0.3582255,+,0.772870836,1.354141059,188250,127955620,128143870
chr9,128127850,128128850,ENSG00000148334,PTGES2,-,128143370,128144370,0.873493116,0.084666704,+,5.430376688,1.214503215,15520,128128350,128143870
chr9,128415640,128416640,ENSG00000167123,CERCAM,+,128001390,128002390,0.761623882,0.389857889,-,0.58056943,19.89953172,414250,128416140,128001890
chr9,128415640,128416640,ENSG00000167123,CERCAM,+,129406120,129407120,0.750355602,0.446680512,+,1.181664042,19.89953172,990480,128416140,129406620
chr9,128504130,128505130,ENSG00000119392,GLE1,+,129167770,129168770,0.82647789,0.398239792,-,2.591792905,0.629908537,663640,128504630,129168270
chr9,128771570,128772570,ENSG00000160445,ZER1,-,127862040,127863040,0.577649256,0.48913798,-,7.472143588,0.776185524,909530,128772070,127862540
chr9,129110370,129111370,ENSG00000095321,CRAT,-,129167770,129168770,0.867230636,0.444555051,-,15.68905806,0.463116654,57400,129110870,129168270
chr9,129110370,129111370,ENSG00000095321,CRAT,-,129567710,129568710,0.805665734,0.42432003,+,15.78313181,0.463116654,457340,129110870,129568210
chr9,129641790,129642790,ENSG00000148331,ASB6,-,129476430,129477430,0.816775097,0.429848504,-,9.515620921,0.830431938,165360,129642290,129476930
chr9,130042790,130043790,ENSG00000187239,FNBP1,-,129412320,129413320,0.769224527,0.526989394,-,2.632354574,0.202911345,630470,130043290,129412820
chr9,130713260,130714260,ENSG00000097007,ABL1,+,131361130,131362130,0.863336981,0.285789422,+,0.664136242,2.222284685,647870,130713760,131361630
chr9,131095980,131096980,ENSG00000126878,AIF1L,+,131255810,131256810,0.536901273,0.123529278,-,33.73386944,0.04686852,159830,131096480,131256310
chr9,131502440,131503440,ENSG00000130714,POMT1,+,130536250,130537250,0.64611374,0.200441712,-,4.213037925,0.742094676,966190,131502940,130536750
chr9,132354750,132355750,ENSG00000107290,SETX,-,132994020,132995020,0.869320151,0.476529544,+,14.05437393,1.453654499,639270,132355250,132994520
chr9,132877840,132878840,ENSG00000165698,C9orf9,+,133030100,133031100,0.720376355,0.446871917,-,10.10547555,0.288497104,152260,132878340,133030600
chr9,132944410,132945410,ENSG00000165702,GFI1B,+,132996250,132997250,0.769593129,0.036268349,+,2.786537786,2.63218068,51840,132944910,132996750
chr9,132944410,132945410,ENSG00000165702,GFI1B,+,133003720,133004720,0.577809879,0.000407266,-,7.736283131,2.63218068,59310,132944910,133004220
chr9,132944410,132945410,ENSG00000165702,GFI1B,+,133003720,133004720,0.869650002,0.199761628,-,7.736283131,2.63218068,59310,132944910,133004220
chr9,136410070,136411070,ENSG00000165689,SDCCAG3,-,136784780,136785780,0.882095651,0.537249853,-,7.964747953,2.090090125,374710,136410570,136785280
chr9,136662340,136663340,ENSG00000172889,EGFL7,+,136644080,136645080,0.802477343,0.033228991,-,12.35982469,8.078347966,18260,136662840,136644580
chr9,136711890,136712890,ENSG00000165716,FAM69B,+,137127770,137128770,0.810295033,0.485728297,-,2.013666949,0.688427944,415880,136712390,137128270
chr9,136790900,136791900,ENSG00000213213,CCDC183,+,137129980,137130980,0.048686955,0.100608247,+,21.12358866,0.188698198,339080,136791400,137130480
chr9,136977700,136978700,ENSG00000107317,PTGDS,+,137129980,137130980,0.587153435,0.340976002,+,4.549748647,0.17090609,152280,136978200,137130480
chr9,136996700,136997700,ENSG00000169583,CLIC3,-,136787400,136788400,0.585241711,0.253036786,+,2.652879756,0.025162192,209300,136997200,136787900
chr9,137027880,137028880,ENSG00000107331,ABCA2,-,136784780,136785780,0.549343109,0.257174389,-,5.690362325,0.159891115,243100,137028380,136785280
chr9,137070070,137071070,ENSG00000186193,SAPCD2,-,137129980,137130980,0.829345704,0.51995696,+,14.1418503,1.244990619,59910,137070570,137130480
chr9,137219330,137220330,ENSG00000212864,RNF208,-,137127770,137128770,0.698053105,0.134031779,-,0.564442501,0.308132077,91560,137219830,137128270
chr9,137223430,137224430,ENSG00000197191,C9orf169,+,137127770,137128770,0.39631823,0.467541458,-,6.268488281,0.163965847,95660,137223930,137128270
chr9,137422780,137423780,ENSG00000187609,EXD3,-,136784780,136785780,0.857880231,0.51995696,-,17.85641953,0.621682305,638000,137423280,136785280
